2009,1,5,1,1,1
2009,1,6,1.0318,0.99931,1.0123
2009,1,7,1.0256,1.0002,1.0104
2009,1,8,1.0027,0.99985,1.001
2009,1,9,1.0188,0.99967,1.0073
2009,1,12,1.02,0.99943,1.0077
2009,1,13,0.9964,1.0025,1.0001
2009,1,14,1.0384,1.0014,1.0162
2009,1,15,1.0382,0.99514,1.0124
2009,1,16,1.057,0.99369,1.019
2009,1,19,1.0688,0.99282,1.0232
2009,1,20,1.0755,0.98685,1.0223
2009,1,21,1.0737,0.97682,1.0156
2009,1,22,1.0858,0.98183,1.0234
2009,1,23,1.0795,0.98365,1.022
2009,2,2,1.0925,0.98465,1.0278
2009,2,3,1.12,0.9816,1.037
2009,2,4,1.1505,0.97897,1.0476
2009,2,5,1.1423,0.97211,1.0402
2009,2,6,1.1882,0.97472,1.0601
2009,2,9,1.2197,0.97493,1.0601
2009,2,10,1.2357,0.97475,1.0655
2009,2,11,1.238,0.9769,1.0677
2009,2,12,1.2312,0.9788,1.0666
2009,2,13,1.2741,0.9802,1.0824
2009,2,16,1.3076,0.98102,1.0946
2009,2,17,1.2668,0.98036,1.08
2009,2,18,1.2087,0.98049,1.0599
2009,2,19,1.2206,0.98118,1.0645
2009,2,20,1.245,0.98239,1.0738
2009,2,23,1.2802,0.98194,1.0857
2009,2,24,1.2225,0.9834,1.0666
2009,2,25,1.2237,0.98411,1.0675
2009,2,26,1.1632,0.984,1.0464
2009,2,27,1.1368,0.98401,1.0372
2009,3,2,1.1496,0.98422,1.0418
2009,3,3,1.1377,0.98325,1.037
2009,3,4,1.2136,0.98292,1.0632
2009,3,5,1.2241,0.98141,1.0658
2009,3,6,1.2144,0.98133,1.0624
2009,3,9,1.1697,0.98243,1.0624
2009,3,10,1.19,0.9831,1.0702
2009,3,11,1.1792,0.98347,1.0665
2009,3,12,1.1767,0.98388,1.0659
2009,3,13,1.1713,0.9839,1.0639
2009,3,16,1.1905,0.98504,1.0716
2009,3,17,1.2334,0.98598,1.0878
2009,3,18,1.2388,0.9865,1.0902
2009,3,19,1.2653,0.98662,1.0999
2009,3,20,1.2639,0.98662,1.0993
2009,3,23,1.2955,0.98624,1.1106
2009,3,24,1.3021,0.98584,1.1127
2009,3,25,1.2753,0.98594,1.103
2009,3,26,1.317,0.98503,1.1176
2009,3,27,1.3271,0.98522,1.1214
2009,3,30,1.3195,0.98555,1.1188
2009,3,31,1.3318,0.98574,1.1235
2009,4,1,1.3533,0.98619,1.1316
2009,4,2,1.3683,0.98634,1.1371
2009,4,3,1.3651,0.98567,1.1355
2009,4,7,1.3686,0.98482,1.1355
2009,4,8,1.3167,0.98466,1.1182
2009,4,9,1.3371,0.98437,1.1248
2009,4,10,1.3784,0.98448,1.1386
2009,4,13,1.4108,0.98424,1.1491
2009,4,14,1.4216,0.98355,1.1522
2009,4,15,1.427,0.98315,1.1538
2009,4,16,1.4271,0.98347,1.154
2009,4,17,1.4077,0.98424,1.1481
2009,4,20,1.438,0.98498,1.1587
2009,4,21,1.4209,0.9856,1.1534
2009,4,22,1.3682,0.9858,1.1361
2009,4,23,1.3774,0.98552,1.1389
2009,4,24,1.3664,0.98592,1.1356
2009,4,27,1.3348,0.98626,1.1253
2009,4,28,1.3375,0.98649,1.1264
2009,4,29,1.3837,0.98724,1.1422
2009,4,30,1.393,0.98722,1.1453
2009,5,4,1.4415,0.9881,1.162
2009,5,5,1.4483,0.98863,1.1646
2009,5,6,1.4684,0.98856,1.1646
2009,5,7,1.4695,0.98965,1.1657
2009,5,8,1.4813,0.98985,1.1696
2009,5,11,1.4474,0.99061,1.1594
2009,5,12,1.4809,0.99105,1.1703
2009,5,13,1.4945,0.99242,1.1756
2009,5,14,1.4831,0.99265,1.1721
2009,5,15,1.485,0.99288,1.1729
2009,5,18,1.4926,0.99358,1.1758
2009,5,19,1.5083,0.99411,1.1812
2009,5,20,1.4939,0.99445,1.1768
2009,5,21,1.4605,0.99425,1.1661
2009,5,22,1.4555,0.99353,1.164
2009,5,25,1.4619,0.99335,1.1659
2009,5,26,1.4444,0.99317,1.1602
2009,5,27,1.4656,0.99351,1.1672
2009,6,1,1.518,0.99358,1.1839
2009,6,2,1.5216,0.9935,1.185
2009,6,3,1.561,0.99388,1.1977
2009,6,4,1.5687,0.99383,1.2001
2009,6,5,1.561,0.99376,1.2001
2009,6,8,1.5659,0.99387,1.2017
2009,6,9,1.5723,0.99358,1.2035
2009,6,10,1.5877,0.99354,1.2082
2009,6,11,1.5729,0.99321,1.2034
2009,6,12,1.5435,0.99275,1.194
2009,6,15,1.5753,0.99292,1.2039
2009,6,16,1.5726,0.99302,1.2032
2009,6,17,1.5989,0.99314,1.2113
2009,6,18,1.6237,0.99316,1.219
2009,6,19,1.6357,0.99314,1.2227
2009,6,22,1.6371,0.9928,1.2228
2009,6,23,1.6378,0.99252,1.2229
2009,6,24,1.6574,0.99146,1.2281
2009,6,25,1.6559,0.99099,1.2273
2009,6,26,1.6614,0.99099,1.229
2009,6,29,1.6888,0.99112,1.2375
2009,6,30,1.6816,0.99064,1.235
2009,7,1,1.7196,0.9901,1.2463
2009,7,2,1.7432,0.98991,1.2534
2009,7,3,1.767,0.98969,1.2534
2009,7,6,1.7923,0.98968,1.2605
2009,7,7,1.7741,0.98972,1.2554
2009,7,8,1.7803,0.98932,1.2569
2009,7,9,1.8037,0.98829,1.2627
2009,7,10,1.8048,0.98693,1.262
2009,7,13,1.785,0.98707,1.2565
2009,7,14,1.8347,0.98672,1.2703
2009,7,15,1.8552,0.98676,1.2762
2009,7,16,1.8594,0.9814,1.2733
2009,7,17,1.8693,0.97928,1.2745
2009,7,20,1.9072,0.97851,1.2847
2009,7,21,1.8799,0.97987,1.278
2009,7,22,1.9156,0.98054,1.2886
2009,7,23,1.9395,0.98106,1.2958
2009,7,24,1.9478,0.97924,1.2967
2009,7,27,1.9882,0.98068,1.3093
2009,7,28,1.9946,0.98079,1.3112
2009,7,29,1.8898,0.98029,1.2811
2009,7,30,1.9304,0.97853,1.2913
2009,7,31,1.9834,0.97871,1.2913
2009,8,3,2.0112,0.97786,1.2978
2009,8,4,2.011,0.97777,1.2977
2009,8,5,1.9867,0.97711,1.2909
2009,8,6,1.9454,0.9774,1.2803
2009,8,7,1.888,0.97764,1.2656
2009,8,10,1.8824,0.97771,1.2642
2009,8,11,1.8887,0.97763,1.2657
2009,8,12,1.8043,0.97786,1.2439
2009,8,13,1.8273,0.97824,1.2503
2009,8,14,1.7762,0.97755,1.2364
2009,8,17,1.6677,0.97663,1.2074
2009,8,18,1.6846,0.97645,1.2117
2009,8,19,1.601,0.97654,1.19
2009,8,20,1.6699,0.97669,1.208
2009,8,21,1.7014,0.97686,1.2164
2009,8,24,1.7152,0.97712,1.2202
2009,8,25,1.6516,0.97717,1.2036
2009,8,26,1.6848,0.97729,1.2124
2009,8,27,1.6762,0.97745,1.2103
2009,8,28,1.6181,0.9766,1.2103
2009,8,31,1.5031,0.97803,1.1769
2009,9,1,1.5102,0.97832,1.1793
2009,9,2,1.5353,0.97906,1.1873
2009,9,3,1.6208,0.97965,1.2134
2009,9,4,1.6342,0.97981,1.2175
2009,9,7,1.6486,0.98024,1.2221
2009,9,8,1.684,0.98061,1.233
2009,9,9,1.6967,0.98067,1.2368
2009,9,10,1.6798,0.9807,1.2318
2009,9,11,1.7197,0.98048,1.2436
2009,9,14,1.7491,0.98064,1.2525
2009,9,15,1.754,0.98169,1.2547
2009,9,16,1.7304,0.98112,1.2472
2009,9,17,1.7632,0.98122,1.2571
2009,9,18,1.6993,0.98126,1.238
2009,9,21,1.704,0.98112,1.2393
2009,9,22,1.6628,0.98091,1.2269
2009,9,23,1.6251,0.98037,1.2152
2009,9,24,1.6362,0.98007,1.2183
2009,9,25,1.6243,0.98015,1.2183
2009,9,28,1.5787,0.98035,1.2047
2009,9,29,1.5785,0.9803,1.2047
2009,9,30,1.5958,0.98036,1.2099
2009,10,9,1.6802,0.9809,1.2356
2009,10,12,1.6738,0.97888,1.2322
2009,10,13,1.6987,0.97793,1.2389
2009,10,14,1.714,0.97712,1.2429
2009,10,15,1.7205,0.97665,1.2445
2009,10,16,1.7216,0.97653,1.2448
2009,10,19,1.768,0.97698,1.259
2009,10,20,1.7938,0.9756,1.2657
2009,10,21,1.7894,0.97521,1.2641
2009,10,22,1.7777,0.97528,1.2607
2009,10,23,1.8127,0.97483,1.2708
2009,10,26,1.8132,0.9754,1.2714
2009,10,27,1.7604,0.97582,1.2559
2009,10,28,1.7681,0.97473,1.2574
2009,10,29,1.7244,0.97473,1.2443
2009,10,30,1.7421,0.97577,1.2504
2009,11,2,1.8018,0.97691,1.2504
2009,11,3,1.8245,0.97535,1.2554
2009,11,4,1.8343,0.97471,1.2577
2009,11,5,1.8398,0.97406,1.2587
2009,11,6,1.8498,0.97446,1.2618
2009,11,9,1.8565,0.97484,1.264
2009,11,10,1.8608,0.97444,1.2648
2009,11,11,1.8565,0.9747,1.2638
2009,11,12,1.8588,0.97517,1.2648
2009,11,13,1.8687,0.97534,1.2677
2009,11,16,1.9256,0.9761,1.2841
2009,11,17,1.9269,0.97625,1.2846
2009,11,18,1.9279,0.97688,1.2853
2009,11,19,1.9344,0.97829,1.2882
2009,11,20,1.9284,0.97886,1.287
2009,11,23,1.9467,0.9791,1.2922
2009,11,24,1.8843,0.97945,1.2752
2009,11,25,1.9276,0.97986,1.2875
2009,11,26,1.8512,0.98,1.2664
2009,11,27,1.7964,0.98103,1.252
2009,11,30,1.865,0.98282,1.252
2009,12,1,1.8911,0.98281,1.259
2009,12,2,1.9105,0.98328,1.2646
2009,12,3,1.907,0.98352,1.2638
2009,12,4,1.935,0.9835,1.2713
2009,12,7,1.9484,0.98255,1.2742
2009,12,8,1.9246,0.9824,1.2677
2009,12,9,1.8877,0.98304,1.2583
2009,12,10,1.8998,0.98363,1.262
2009,12,11,1.8986,0.98374,1.2617
2009,12,14,1.9187,0.98387,1.2672
2009,12,15,1.903,0.98383,1.263
2009,12,16,1.891,0.98476,1.2605
2009,12,17,1.8482,0.98386,1.2483
2009,12,18,1.8013,0.98395,1.2358
2009,12,21,1.8039,0.98441,1.2368
2009,12,22,1.7555,0.98542,1.2246
2009,12,23,1.7719,0.98473,1.2285
2009,12,24,1.8263,0.98455,1.2429
2009,12,25,1.8188,0.98563,1.2418
2009,12,28,1.8473,0.98546,1.2418
2009,12,29,1.8592,0.98705,1.2462
2009,12,30,1.89,0.98585,1.2535
2009,12,31,1.899,0.98661,1.2565
2010,1,4,1.8775,0.98785,1.2517
2010,1,5,1.8928,0.98672,1.2549
2010,1,6,1.8809,0.98495,1.2504
2010,1,7,1.8436,0.98466,1.2402
2010,1,8,1.8482,0.98428,1.2411
2010,1,11,1.8492,0.98586,1.2426
2010,1,12,1.8773,0.98427,1.2489
2010,1,13,1.8169,0.98333,1.232
2010,1,14,1.8423,0.98358,1.239
2010,1,15,1.8496,0.98382,1.2411
2010,1,18,1.8591,0.98422,1.244
2010,1,19,1.8628,0.98488,1.2455
2010,1,20,1.8027,0.98501,1.2294
2010,1,21,1.8102,0.98534,1.2317
2010,1,22,1.7877,0.98548,1.2258
2010,1,25,1.7674,0.986,1.2207
2010,1,26,1.7222,0.98637,1.2207
2010,1,27,1.6987,0.98675,1.2143
2010,1,28,1.7029,0.987,1.2157
2010,1,29,1.7017,0.98741,1.2157
2010,2,1,1.6743,0.98901,1.2091
2010,2,2,1.6709,0.98999,1.2088
2010,2,3,1.7158,0.99145,1.2227
2010,2,4,1.7094,0.99131,1.2208
2010,2,5,1.6745,0.9918,1.2112
2010,2,8,1.6734,0.99237,1.2113
2010,2,9,1.6831,0.99482,1.2159
2010,2,10,1.707,0.99321,1.2215
2010,2,11,1.7103,0.99481,1.2236
2010,2,12,1.7267,0.99463,1.2281
2010,2,22,1.7172,0.99299,1.2242
2010,2,23,1.6987,0.99317,1.2191
2010,2,24,1.7231,0.99387,1.2265
2010,2,25,1.7484,0.99478,1.2344
2010,2,26,1.7428,0.99696,1.2344
2010,3,1,1.7655,0.99952,1.2428
2010,3,2,1.7585,1.0008,1.2428
2010,3,3,1.7712,1.0038,1.2486
2010,3,4,1.7263,1.0033,1.2355
2010,3,5,1.7312,1.0039,1.2373
2010,3,8,1.7452,1.0045,1.2417
2010,3,9,1.7557,1.0046,1.2447
2010,3,10,1.7418,1.0039,1.2403
2010,3,11,1.7402,1.0035,1.2396
2010,3,12,1.717,1.0035,1.2331
2010,3,15,1.6905,1.0036,1.2256
2010,3,16,1.7016,1.004,1.229
2010,3,17,1.7387,1.0055,1.2406
2010,3,18,1.7353,1.0067,1.2406
2010,3,19,1.7493,1.0071,1.2448
2010,3,22,1.754,1.0067,1.2459
2010,3,23,1.7396,1.0053,1.2407
2010,3,24,1.7402,1.0054,1.241
2010,3,25,1.7149,1.0061,1.2343
2010,3,26,1.7393,1.0056,1.2409
2010,3,29,1.7837,1.0042,1.2524
2010,3,30,1.788,1.003,1.2524
2010,3,31,1.7768,1.0023,1.2487
2010,4,1,1.8014,1.0031,1.2562
2010,4,2,1.8096,1.003,1.2585
2010,4,6,1.8084,1.0037,1.2586
2010,4,7,1.7987,1.0023,1.2549
2010,4,8,1.7774,1.001,1.2479
2010,4,9,1.7946,1.0015,1.2531
2010,4,12,1.7799,1.0025,1.2497
2010,4,13,1.8013,1.0024,1.2557
2010,4,14,1.8076,1.0028,1.2577
2010,4,15,1.8028,1.0025,1.2561
2010,4,16,1.7825,1.0032,1.251
2010,4,19,1.6869,1.0037,1.2246
2010,4,20,1.6853,1.0049,1.2251
2010,4,21,1.7189,1.0058,1.2351
2010,4,22,1.7003,1.0059,1.23
2010,4,23,1.6941,1.0071,1.2291
2010,4,26,1.6846,1.0087,1.2277
2010,4,27,1.6508,1.0097,1.219
2010,4,28,1.6449,1.0104,1.219
2010,4,29,1.6251,1.0106,1.2133
2010,4,30,1.629,1.0105,1.2144
2010,5,4,1.6036,1.0097,1.2062
2010,5,5,1.6126,1.0096,1.2088
2010,5,6,1.5385,1.0103,1.1874
2010,5,7,1.5066,1.0118,1.179
2010,5,10,1.5179,1.0131,1.1833
2010,5,11,1.4875,1.0119,1.1734
2010,5,12,1.4967,1.0125,1.1766
2010,5,13,1.5332,1.0136,1.1882
2010,5,14,1.5231,1.0147,1.186
2010,5,17,1.4417,1.0164,1.1631
2010,5,18,1.4718,1.0185,1.1735
2010,5,19,1.4669,1.0208,1.1738
2010,5,20,1.4477,1.0209,1.1681
2010,5,21,1.4704,1.0205,1.1746
2010,5,24,1.526,1.0199,1.1906
2010,5,25,1.4944,1.0205,1.1817
2010,5,26,1.4944,1.0214,1.1823
2010,5,27,1.5189,1.0212,1.1823
2010,5,28,1.5137,1.0212,1.1807
2010,5,31,1.4728,1.021,1.1678
2010,6,1,1.4574,1.0209,1.1629
2010,6,2,1.4645,1.0205,1.1649
2010,6,3,1.4531,1.0208,1.1615
2010,6,4,1.4575,1.0213,1.1633
2010,6,7,1.4316,1.0212,1.1552
2010,6,8,1.4336,1.0211,1.1557
2010,6,9,1.4775,1.021,1.1693
2010,6,10,1.4605,1.02,1.1633
2010,6,11,1.4652,1.0197,1.1645
2010,6,17,1.4566,1.0205,1.1624
2010,6,18,1.4319,1.0194,1.154
2010,6,21,1.4768,1.0167,1.1661
2010,6,22,1.4784,1.017,1.1668
2010,6,23,1.465,1.0167,1.1624
2010,6,24,1.4644,1.0164,1.1621
2010,6,25,1.4532,1.0165,1.1586
2010,6,28,1.4428,1.0175,1.1561
2010,6,29,1.3766,1.0188,1.1561
2010,6,30,1.3612,1.0199,1.1517
2010,7,1,1.3415,1.0205,1.1455
2010,7,2,1.3458,1.0208,1.1471
2010,7,5,1.3344,1.0213,1.1436
2010,7,6,1.3611,1.0221,1.1532
2010,7,7,1.3704,1.0228,1.1568
2010,7,8,1.368,1.0228,1.156
2010,7,9,1.4058,1.0228,1.1687
2010,7,12,1.4213,1.0232,1.1741
2010,7,13,1.3992,1.024,1.1672
2010,7,14,1.4093,1.0247,1.1711
2010,7,15,1.3853,1.0263,1.1641
2010,7,16,1.3894,1.0252,1.1648
2010,7,19,1.4246,1.0254,1.1767
2010,7,20,1.456,1.0257,1.1875
2010,7,21,1.4591,1.0256,1.1884
2010,7,22,1.4771,1.0253,1.1943
2010,7,23,1.4833,1.025,1.1962
2010,7,26,1.4929,1.0242,1.1989
2010,7,27,1.4848,1.024,1.1989
2010,7,28,1.5209,1.0245,1.2109
2010,7,29,1.5284,1.0241,1.2131
2010,7,30,1.5236,1.0241,1.2115
2010,8,2,1.5493,1.0247,1.2202
2010,8,3,1.5221,1.0246,1.2113
2010,8,4,1.5276,1.0243,1.2129
2010,8,5,1.514,1.0249,1.2089
2010,8,6,1.5389,1.0253,1.2173
2010,8,9,1.5498,1.0263,1.2215
2010,8,10,1.5044,1.0263,1.2068
2010,8,11,1.5137,1.0267,1.2101
2010,8,12,1.4957,1.0275,1.2049
2010,8,13,1.5165,1.0281,1.212
2010,8,16,1.5519,1.0284,1.2236
2010,8,17,1.5626,1.0283,1.227
2010,8,18,1.56,1.0278,1.2258
2010,8,19,1.5695,1.0279,1.229
2010,8,20,1.5392,1.0279,1.2192
2010,8,23,1.5381,1.0274,1.2185
2010,8,24,1.5464,1.0269,1.2185
2010,8,25,1.5099,1.0286,1.2082
2010,8,26,1.5136,1.0279,1.2089
2010,8,27,1.5181,1.0275,1.2101
2010,8,30,1.5481,1.0269,1.2191
2010,8,31,1.5418,1.0275,1.2175
2010,9,1,1.5317,1.0275,1.2143
2010,9,2,1.5515,1.0281,1.221
2010,9,3,1.5509,1.0278,1.2206
2010,9,6,1.58,1.0269,1.2291
2010,9,7,1.5843,1.0257,1.2296
2010,9,8,1.5831,1.0267,1.2299
2010,9,9,1.5542,1.0264,1.2207
2010,9,10,1.5574,1.026,1.2214
2010,9,13,1.5732,1.0257,1.2261
2010,9,14,1.5747,1.0256,1.2265
2010,9,15,1.5471,1.0252,1.2176
2010,9,16,1.5177,1.0243,1.2077
2010,9,17,1.5196,1.024,1.208
2010,9,20,1.5135,1.0246,1.2065
2010,9,21,1.5175,1.0247,1.2065
2010,9,27,1.5428,1.0244,1.2143
2010,9,28,1.53,1.0237,1.2097
2010,9,29,1.5268,1.0239,1.2088
2010,9,30,1.559,1.024,1.2192
2010,10,8,1.6167,1.0247,1.238
2010,10,11,1.6638,1.023,1.2517
2010,10,12,1.685,1.0212,1.2572
2010,10,13,1.7088,1.0216,1.2651
2010,10,14,1.7123,1.0221,1.2665
2010,10,15,1.7673,1.0219,1.2839
2010,10,18,1.7558,1.0221,1.2804
2010,10,19,1.7927,1.0222,1.2922
2010,10,20,1.804,1.0153,1.2909
2010,10,21,1.7922,1.013,1.2855
2010,10,22,1.7943,1.0101,1.2841
2010,10,25,1.8487,1.0113,1.3023
2010,10,26,1.8408,1.0093,1.2984
2010,10,27,1.8077,1.0086,1.2873
2010,10,28,1.8044,1.0084,1.2862
2010,10,29,1.795,1.0082,1.2862
2010,11,1,1.8444,1.0077,1.2999
2010,11,2,1.8392,1.0063,1.2974
2010,11,3,1.8165,1.0045,1.2895
2010,11,4,1.8484,1.0014,1.2963
2010,11,5,1.8698,1.0023,1.303
2010,11,8,1.8846,1.0042,1.3087
2010,11,9,1.8715,1.0023,1.3036
2010,11,10,1.8583,0.99902,1.2973
2010,11,11,1.8641,0.99225,1.2937
2010,11,12,1.7482,0.99252,1.2607
2010,11,15,1.7605,0.99203,1.2639
2010,11,16,1.6833,0.99228,1.2419
2010,11,17,1.6484,0.99238,1.232
2010,11,18,1.6718,0.99301,1.2392
2010,11,19,1.6882,0.99374,1.2445
2010,11,22,1.6846,0.99318,1.243
2010,11,23,1.6502,0.99075,1.2313
2010,11,24,1.6873,0.98871,1.2403
2010,11,25,1.7119,0.98761,1.2466
2010,11,26,1.6967,0.98671,1.2466
2010,11,29,1.6942,0.98752,1.2464
2010,11,30,1.666,0.98612,1.2371
2010,12,1,1.6655,0.9893,1.2393
2010,12,2,1.6756,0.99155,1.244
2010,12,3,1.6772,0.98957,1.243
2010,12,6,1.6812,0.99129,1.2455
2010,12,7,1.6996,0.99171,1.2512
2010,12,8,1.6845,0.992,1.247
2010,12,9,1.6588,0.99064,1.2384
2010,12,10,1.6793,0.99078,1.2445
2010,12,13,1.7319,0.99148,1.2605
2010,12,14,1.7363,0.99273,1.2628
2010,12,15,1.7248,0.993,1.2596
2010,12,16,1.7157,0.99327,1.2571
2010,12,17,1.7131,0.99407,1.257
2010,12,20,1.6881,0.99445,1.2499
2010,12,21,1.7257,0.99588,1.262
2010,12,22,1.7077,0.99496,1.256
2010,12,23,1.6934,0.99592,1.2526
2010,12,24,1.6798,0.99612,1.2526
2010,12,27,1.6462,0.99148,1.2391
2010,12,28,1.6171,0.99186,1.2307
2010,12,29,1.6261,0.99267,1.234
2010,12,30,1.6273,0.99386,1.2352
2010,12,31,1.6614,0.99421,1.2456
2011,1,4,1.694,0.99646,1.2571
2011,1,5,1.6865,0.99934,1.257
2011,1,6,1.678,1.0007,1.2555
2011,1,7,1.6817,1.0005,1.2565
2011,1,10,1.6507,1.0011,1.2477
2011,1,11,1.6596,1.0009,1.2502
2011,1,12,1.6688,1.0005,1.2526
2011,1,13,1.6683,1.0001,1.2522
2011,1,14,1.642,0.99858,1.2432
2011,1,17,1.5796,0.99696,1.2233
2011,1,18,1.5814,0.99363,1.2213
2011,1,19,1.6171,0.99249,1.2311
2011,1,20,1.5639,0.99276,1.2155
2011,1,21,1.5845,0.99342,1.2221
2011,1,24,1.5689,0.99339,1.2221
2011,1,25,1.5607,0.99355,1.2196
2011,1,26,1.5818,0.99341,1.2261
2011,1,27,1.6073,0.9939,1.2344
2011,1,28,1.6127,0.99396,1.2362
2011,1,31,1.6339,0.99436,1.243
2011,2,1,1.6343,0.99446,1.2432
2011,2,9,1.615,0.99106,1.2347
2011,2,10,1.6486,0.99111,1.2452
2011,2,11,1.6575,0.99178,1.2485
2011,2,14,1.7096,0.99408,1.2664
2011,2,15,1.7088,0.99428,1.2664
2011,2,16,1.7252,0.99454,1.2716
2011,2,17,1.7238,0.99457,1.2712
2011,2,18,1.7058,0.9946,1.2656
2011,2,21,1.7302,0.99301,1.2721
2011,2,22,1.6801,0.99396,1.2572
2011,2,23,1.686,0.99537,1.2601
2011,2,24,1.6946,0.99785,1.2646
2011,2,25,1.6982,0.99619,1.2644
2011,2,28,1.7205,0.99775,1.2644
2011,3,1,1.7286,0.99895,1.2677
2011,3,2,1.7224,1.0002,1.2669
2011,3,3,1.711,0.99974,1.2632
2011,3,4,1.737,0.99943,1.2706
2011,3,7,1.7709,0.99967,1.2807
2011,3,8,1.7725,1.0027,1.2835
2011,3,9,1.7732,1.0029,1.2839
2011,3,10,1.7421,1.0026,1.2745
2011,3,11,1.7246,1.0018,1.2688
2011,3,14,1.7329,1.0026,1.2718
2011,3,15,1.7016,1.0053,1.2646
2011,3,16,1.725,1.0052,1.2715
2011,3,17,1.6979,1.0062,1.2642
2011,3,18,1.7078,1.0063,1.2672
2011,3,21,1.7032,1.0047,1.2646
2011,3,22,1.7116,1.0048,1.2672
2011,3,23,1.7339,1.0048,1.2737
2011,3,24,1.7267,1.0055,1.2722
2011,3,25,1.7496,1.0057,1.2791
2011,3,28,1.7476,1.0066,1.2791
2011,3,29,1.7302,1.0056,1.2732
2011,3,30,1.7292,1.0056,1.2729
2011,3,31,1.7118,1.0055,1.2677
2011,4,1,1.7381,1.0058,1.2757
2011,4,6,1.7584,1.0055,1.2814
2011,4,7,1.7655,1.0055,1.2835
2011,4,8,1.7809,1.0059,1.2882
2011,4,11,1.7703,1.0072,1.2861
2011,4,12,1.7668,1.0103,1.2875
2011,4,13,1.7908,1.0109,1.295
2011,4,14,1.781,1.0106,1.2919
2011,4,15,1.7839,1.0111,1.2931
2011,4,18,1.7841,1.0104,1.2926
2011,4,19,1.7503,1.0106,1.2829
2011,4,20,1.7503,1.0108,1.2831
2011,4,21,1.7618,1.011,1.2865
2011,4,22,1.7525,1.0113,1.2841
2011,4,25,1.7258,1.0116,1.2764
2011,4,26,1.7159,1.0115,1.2735
2011,4,27,1.7045,1.0116,1.2735
2011,4,28,1.6792,1.0117,1.266
2011,4,29,1.6956,1.0128,1.2717
2011,5,3,1.7054,1.0125,1.2744
2011,5,4,1.6618,1.0131,1.2618
2011,5,5,1.6602,1.013,1.2613
2011,5,6,1.6577,1.0133,1.2608
2011,5,9,1.6621,1.0139,1.2626
2011,5,10,1.6746,1.014,1.2664
2011,5,11,1.6703,1.0142,1.2652
2011,5,12,1.6472,1.0145,1.2586
2011,5,13,1.6613,1.0138,1.2623
2011,5,16,1.6466,1.0141,1.2581
2011,5,17,1.6549,1.0143,1.2607
2011,5,18,1.6673,1.0145,1.2646
2011,5,19,1.6573,1.0146,1.2617
2011,5,20,1.6578,1.0149,1.262
2011,5,23,1.6054,1.0165,1.2476
2011,5,24,1.6072,1.0165,1.2481
2011,5,25,1.5881,1.0175,1.2432
2011,5,26,1.5818,1.0178,1.2432
2011,5,27,1.5738,1.0179,1.2407
2011,5,30,1.5691,1.0182,1.2395
2011,5,31,1.5941,1.0178,1.247
2011,6,1,1.5955,1.0172,1.247
2011,6,2,1.5697,1.0171,1.2389
2011,6,3,1.586,1.0174,1.2442
2011,6,7,1.5955,1.0175,1.2473
2011,6,8,1.5978,1.0153,1.2464
2011,6,9,1.5677,1.015,1.2367
2011,6,10,1.573,1.0143,1.2379
2011,6,13,1.5669,1.0142,1.2359
2011,6,14,1.5898,1.0127,1.242
2011,6,15,1.5737,1.0093,1.2344
2011,6,16,1.5495,1.009,1.2266
2011,6,17,1.536,1.0089,1.2223
2011,6,20,1.5268,1.0143,1.2233
2011,6,21,1.5449,1.0135,1.2285
2011,6,22,1.5447,1.0111,1.2266
2011,6,23,1.5707,1.0111,1.2348
2011,6,24,1.6078,1.0145,1.2348
2011,6,27,1.6126,1.0154,1.2369
2011,6,28,1.6154,1.0152,1.2376
2011,6,29,1.5933,1.0147,1.2304
2011,6,30,1.6167,1.0148,1.2377
2011,7,1,1.6197,1.0155,1.2391
2011,7,4,1.658,1.0163,1.2515
2011,7,5,1.6583,1.0161,1.2514
2011,7,6,1.6536,1.0161,1.25
2011,7,7,1.6472,1.0158,1.2478
2011,7,8,1.6512,1.0161,1.2492
2011,7,11,1.6534,1.0151,1.2492
2011,7,12,1.6235,1.0153,1.2401
2011,7,13,1.6497,1.0152,1.2481
2011,7,14,1.6547,1.0148,1.2494
2011,7,15,1.6617,1.0143,1.2512
2011,7,18,1.6583,1.0129,1.2491
2011,7,19,1.6438,1.0087,1.2416
2011,7,20,1.6419,1.0063,1.2392
2011,7,21,1.6246,1.0035,1.2319
2011,7,22,1.6293,1.0055,1.2319
2011,7,25,1.5764,1.0054,1.2158
2011,7,26,1.5814,1.0053,1.2172
2011,7,27,1.5933,1.0062,1.2215
2011,7,28,1.5831,1.0064,1.2186
2011,7,29,1.5784,1.0067,1.2174
2011,8,1,1.5814,1.0068,1.2183
2011,8,2,1.5701,1.0069,1.215
2011,8,3,1.5693,1.0004,1.21
2011,8,4,1.5722,1.0009,1.2112
2011,8,5,1.5388,1.0047,1.2039
2011,8,8,1.4838,1.0061,1.1883
2011,8,9,1.4861,1.0075,1.19
2011,8,10,1.4998,1.0073,1.1941
2011,8,11,1.5226,1.0102,1.203
2011,8,12,1.527,1.0091,1.2036
2011,8,15,1.5496,1.0094,1.2107
2011,8,16,1.5388,1.0091,1.2072
2011,8,17,1.5327,1.009,1.2053
2011,8,18,1.5052,1.0088,1.1967
2011,8,19,1.4911,1.0095,1.1967
2011,8,22,1.4752,1.01,1.192
2011,8,23,1.4982,1.0097,1.1991
2011,8,24,1.4923,1.0097,1.1973
2011,8,25,1.5422,1.0094,1.2131
2011,8,26,1.5408,1.008,1.2116
2011,8,29,1.5151,1.0019,1.199
2011,8,30,1.5092,1.0006,1.1962
2011,8,31,1.5119,1.0011,1.1974
2011,9,1,1.5054,1.0026,1.1964
2011,9,2,1.4891,1.0043,1.1924
2011,9,5,1.4572,1.006,1.1834
2011,9,6,1.4463,1.007,1.1806
2011,9,7,1.4759,1.0066,1.1898
2011,9,8,1.4637,1.0051,1.1848
2011,9,9,1.461,1.0066,1.185
2011,9,13,1.4447,1.0079,1.1807
2011,9,14,1.4515,1.0073,1.1825
2011,9,15,1.4493,1.0064,1.1811
2011,9,16,1.452,1.0057,1.1815
2011,9,19,1.4229,1.0057,1.1815
2011,9,20,1.4285,1.006,1.1836
2011,9,21,1.4716,1.0058,1.1977
2011,9,22,1.4263,1.0075,1.1839
2011,9,23,1.4177,1.0123,1.1844
2011,9,26,1.3866,1.0162,1.1769
2011,9,27,1.4009,1.0137,1.1799
2011,9,28,1.3864,1.014,1.1753
2011,9,29,1.3745,1.0158,1.1726
2011,9,30,1.3709,1.0185,1.1733
2011,10,10,1.358,1.0264,1.1746
2011,10,11,1.3553,1.0262,1.1735
2011,10,12,1.4046,1.0254,1.1893
2011,10,13,1.4141,1.0227,1.1906
2011,10,14,1.4094,1.0253,1.1908
2011,10,17,1.4164,1.0244,1.1925
2011,10,18,1.3767,1.0268,1.181
2011,10,19,1.3718,1.0262,1.179
2011,10,20,1.3386,1.027,1.1685
2011,10,21,1.3319,1.0262,1.1658
2011,10,24,1.3684,1.0261,1.1658
2011,10,25,1.3943,1.0243,1.1733
2011,10,26,1.4082,1.0247,1.1783
2011,10,27,1.4113,1.0244,1.1792
2011,10,28,1.4387,1.0255,1.1892
2011,10,31,1.4314,1.0274,1.1881
2011,11,1,1.4326,1.0299,1.1902
2011,11,2,1.4564,1.0302,1.1985
2011,11,3,1.4574,1.0303,1.1989
2011,11,4,1.4678,1.0306,1.2027
2011,11,7,1.4532,1.0309,1.1979
2011,11,8,1.4486,1.0332,1.1979
2011,11,9,1.4613,1.0367,1.2046
2011,11,10,1.4337,1.0415,1.1985
2011,11,11,1.4313,1.0406,1.197
2011,11,14,1.4606,1.041,1.2073
2011,11,15,1.4576,1.0381,1.2043
2011,11,16,1.418,1.0378,1.1906
2011,11,17,1.4137,1.0381,1.1893
2011,11,18,1.3843,1.0383,1.1795
2011,11,21,1.3859,1.0379,1.1795
2011,11,22,1.3858,1.0383,1.1797
2011,11,23,1.3723,1.0414,1.1772
2011,11,24,1.3749,1.0417,1.1783
2011,11,25,1.3649,1.042,1.1751
2011,11,28,1.3666,1.0422,1.1758
2011,11,29,1.3854,1.0416,1.1817
2011,11,30,1.3391,1.0426,1.1667
2011,12,1,1.3721,1.0507,1.1835
2011,12,2,1.3581,1.0538,1.1808
2011,12,5,1.3391,1.0546,1.1749
2011,12,6,1.3364,1.0535,1.1732
2011,12,7,1.3427,1.0542,1.1758
2011,12,8,1.341,1.0544,1.1754
2011,12,9,1.3295,1.0547,1.1717
2011,12,12,1.3159,1.0545,1.1669
2011,12,13,1.2862,1.053,1.1558
2011,12,14,1.2733,1.0534,1.1516
2011,12,15,1.2431,1.0535,1.1414
2011,12,16,1.2693,1.0542,1.1508
2011,12,19,1.2663,1.0554,1.1508
2011,12,20,1.2624,1.0552,1.1493
2011,12,21,1.2423,1.0553,1.1421
2011,12,22,1.2434,1.0551,1.1423
2011,12,23,1.2529,1.0548,1.1456
2011,12,26,1.2404,1.0551,1.1412
2011,12,27,1.2242,1.0558,1.1358
2011,12,28,1.2257,1.056,1.1365
2011,12,29,1.2275,1.0561,1.1372
2011,12,30,1.2458,1.0591,1.1458
2012,1,4,1.2208,1.0593,1.1369
2012,1,5,1.2089,1.0574,1.1313
2012,1,6,1.2165,1.0601,1.1358
2012,1,9,1.2579,1.0604,1.151
2012,1,10,1.2997,1.0602,1.1661
2012,1,11,1.2935,1.0605,1.164
2012,1,12,1.2933,1.0611,1.1644
2012,1,13,1.2716,1.0608,1.1563
2012,1,16,1.2457,1.0598,1.1463
2012,1,17,1.3068,1.0602,1.1687
2012,1,18,1.2864,1.0601,1.1687
2012,1,19,1.3109,1.0607,1.1781
2012,1,20,1.3299,1.0615,1.1855
2012,1,30,1.3068,1.0622,1.1776
2012,1,31,1.3087,1.0621,1.1782
2012,2,1,1.29,1.0591,1.1694
2012,2,2,1.3204,1.059,1.1804
2012,2,3,1.3309,1.0594,1.1845
2012,2,6,1.33,1.0576,1.183
2012,2,7,1.3054,1.0581,1.1744
2012,2,8,1.3427,1.0573,1.1874
2012,2,9,1.3432,1.0559,1.1866
2012,2,10,1.3456,1.0565,1.1879
2012,2,13,1.3447,1.0588,1.1891
2012,2,14,1.3394,1.0585,1.187
2012,2,15,1.354,1.0569,1.1912
2012,2,16,1.3469,1.0566,1.1884
2012,2,17,1.3474,1.0564,1.1885
2012,2,20,1.3493,1.0579,1.1901
2012,2,21,1.3609,1.0579,1.1944
2012,2,22,1.3795,1.0575,1.1944
2012,2,23,1.3841,1.0576,1.1961
2012,2,24,1.4063,1.0578,1.2039
2012,2,27,1.4109,1.0569,1.2049
2012,2,28,1.414,1.0572,1.2061
2012,2,29,1.3989,1.0577,1.2013
2012,3,1,1.3985,1.0575,1.201
2012,3,2,1.4233,1.0567,1.209
2012,3,5,1.4141,1.0569,1.206
2012,3,6,1.392,1.057,1.1984
2012,3,7,1.3824,1.0579,1.1956
2012,3,8,1.3998,1.058,1.2018
2012,3,9,1.415,1.0582,1.2072
2012,3,12,1.4097,1.0604,1.2068
2012,3,13,1.4239,1.0603,1.2117
2012,3,14,1.3835,1.0598,1.1973
2012,3,15,1.3731,1.059,1.1932
2012,3,16,1.3933,1.0594,1.2005
2012,3,19,1.3967,1.0599,1.202
2012,3,20,1.3725,1.0598,1.1935
2012,3,21,1.3743,1.0597,1.1935
2012,3,22,1.3722,1.06,1.193
2012,3,23,1.3558,1.0615,1.1883
2012,3,26,1.3571,1.0616,1.1889
2012,3,27,1.3527,1.0615,1.1873
2012,3,28,1.3144,1.063,1.1749
2012,3,29,1.2975,1.0632,1.1692
2012,3,30,1.3037,1.0642,1.1721
2012,4,5,1.3345,1.0639,1.1825
2012,4,6,1.3382,1.0643,1.1841
2012,4,9,1.3251,1.0646,1.1798
2012,4,10,1.3382,1.0648,1.1844
2012,4,11,1.3383,1.0652,1.1847
2012,4,12,1.3651,1.0651,1.194
2012,4,13,1.3704,1.065,1.1958
2012,4,16,1.367,1.0653,1.1948
2012,4,17,1.3499,1.0654,1.1889
2012,4,18,1.3808,1.0651,1.1994
2012,4,19,1.3787,1.0651,1.1987
2012,4,20,1.3951,1.0654,1.2046
2012,4,23,1.384,1.0657,1.2046
2012,4,24,1.3834,1.066,1.2046
2012,4,25,1.3946,1.066,1.2085
2012,4,26,1.3975,1.0662,1.2096
2012,4,27,1.3947,1.0664,1.2088
2012,5,2,1.4251,1.0668,1.2196
2012,5,3,1.4294,1.0668,1.2211
2012,5,4,1.4423,1.0667,1.2256
2012,5,7,1.4434,1.0671,1.2262
2012,5,8,1.4388,1.0669,1.2245
2012,5,9,1.4113,1.0673,1.2152
2012,5,10,1.4112,1.0687,1.2161
2012,5,11,1.4004,1.0712,1.214
2012,5,14,1.3891,1.0736,1.2117
2012,5,15,1.39,1.0827,1.2182
2012,5,16,1.3673,1.0844,1.2114
2012,5,17,1.3882,1.0809,1.2164
2012,5,18,1.367,1.0844,1.2114
2012,5,21,1.374,1.0834,1.2131
2012,5,22,1.3954,1.0835,1.2206
2012,5,23,1.3898,1.084,1.2206
2012,5,24,1.3783,1.0884,1.2195
2012,5,25,1.3665,1.0923,1.2181
2012,5,28,1.3886,1.0892,1.2237
2012,5,29,1.4078,1.088,1.2296
2012,5,30,1.4032,1.086,1.2267
2012,5,31,1.3978,1.0869,1.2254
2012,6,1,1.3983,1.0873,1.2259
2012,6,4,1.359,1.0875,1.2122
2012,6,5,1.3589,1.0853,1.2107
2012,6,6,1.3582,1.085,1.2102
2012,6,7,1.3501,1.0851,1.2074
2012,6,8,1.3406,1.0878,1.2059
2012,6,11,1.3586,1.0844,1.2099
2012,6,12,1.349,1.0841,1.2064
2012,6,13,1.3705,1.0818,1.2123
2012,6,14,1.3598,1.0816,1.2085
2012,6,15,1.3638,1.0822,1.2103
2012,6,18,1.3708,1.0807,1.2118
2012,6,19,1.3588,1.0816,1.2081
2012,6,20,1.3556,1.0812,1.2081
2012,6,21,1.3342,1.0826,1.2014
2012,6,25,1.3046,1.0846,1.1922
2012,6,26,1.3038,1.0853,1.1924
2012,6,27,1.2997,1.0883,1.1929
2012,6,28,1.2883,1.0883,1.1888
2012,6,29,1.3073,1.0879,1.1954
2012,7,2,1.3092,1.0875,1.1958
2012,7,3,1.3111,1.0889,1.1974
2012,7,4,1.3091,1.0892,1.1968
2012,7,5,1.2907,1.0898,1.1907
2012,7,6,1.3132,1.0919,1.2001
2012,7,9,1.2831,1.0942,1.191
2012,7,10,1.2782,1.096,1.1904
2012,7,11,1.2882,1.0963,1.1942
2012,7,12,1.3007,1.0964,1.1987
2012,7,13,1.3015,1.0959,1.1987
2012,7,16,1.2744,1.0951,1.1885
2012,7,17,1.2821,1.0946,1.1909
2012,7,18,1.2822,1.095,1.1912
2012,7,19,1.2875,1.0944,1.1912
2012,7,20,1.2738,1.0952,1.1866
2012,7,23,1.2562,1.095,1.18
2012,7,24,1.2618,1.0953,1.1823
2012,7,25,1.2534,1.0952,1.1791
2012,7,26,1.2467,1.0947,1.1763
2012,7,27,1.2476,1.0948,1.1767
2012,7,30,1.2405,1.0948,1.174
2012,7,31,1.239,1.0922,1.1718
2012,8,1,1.2526,1.0934,1.1777
2012,8,2,1.24,1.0935,1.173
2012,8,3,1.25,1.0929,1.1763
2012,8,6,1.2669,1.0916,1.1818
2012,8,7,1.2687,1.0895,1.181
2012,8,8,1.2692,1.0875,1.1799
2012,8,9,1.2808,1.0908,1.1864
2012,8,10,1.2745,1.0918,1.1846
2012,8,13,1.2491,1.0887,1.1732
2012,8,14,1.2518,1.0879,1.1737
2012,8,15,1.2383,1.086,1.1675
2012,8,16,1.2319,1.0856,1.1675
2012,8,17,1.2286,1.0874,1.1674
2012,8,20,1.2224,1.0836,1.1626
2012,8,21,1.2288,1.0839,1.1652
2012,8,22,1.2191,1.0806,1.1594
2012,8,23,1.2226,1.083,1.1623
2012,8,24,1.2086,1.085,1.1582
2012,8,27,1.1834,1.0862,1.1494
2012,8,28,1.1888,1.0844,1.1503
2012,8,29,1.1762,1.0847,1.1458
2012,8,30,1.1744,1.0849,1.1452
2012,8,31,1.171,1.0848,1.1438
2012,9,3,1.1834,1.0851,1.1488
2012,9,4,1.1707,1.0865,1.1448
2012,9,5,1.1683,1.0857,1.1434
2012,9,6,1.1778,1.0854,1.1469
2012,9,7,1.2306,1.0826,1.1651
2012,9,10,1.2356,1.0792,1.1648
2012,9,11,1.2278,1.0789,1.1616
2012,9,12,1.2321,1.0767,1.1618
2012,9,13,1.2207,1.0771,1.1618
2012,9,14,1.2297,1.075,1.164
2012,9,17,1.1996,1.0732,1.1513
2012,9,18,1.1871,1.078,1.1497
2012,9,19,1.1929,1.0771,1.1513
2012,9,20,1.1662,1.0782,1.1419
2012,9,21,1.1679,1.0787,1.1428
2012,9,24,1.1766,1.0786,1.1461
2012,9,25,1.1738,1.0818,1.1471
2012,9,26,1.1603,1.0844,1.1437
2012,9,27,1.1958,1.0845,1.1572
2012,9,28,1.2178,1.0826,1.1644
2012,10,8,1.2056,1.0823,1.1595
2012,10,9,1.2322,1.0821,1.1695
2012,10,10,1.2343,1.0822,1.1704
2012,10,11,1.2228,1.0824,1.1661
2012,10,12,1.2239,1.0839,1.1675
2012,10,15,1.2188,1.084,1.1656
2012,10,16,1.2205,1.0833,1.1659
2012,10,17,1.2219,1.083,1.1662
2012,10,18,1.2406,1.0805,1.1662
2012,10,19,1.2387,1.0821,1.1665
2012,10,22,1.2436,1.0818,1.1682
2012,10,23,1.2279,1.0829,1.163
2012,10,24,1.2256,1.0823,1.1617
2012,10,25,1.2168,1.0808,1.1574
2012,10,26,1.1938,1.0811,1.149
2012,10,29,1.1874,1.0837,1.1482
2012,10,30,1.1896,1.0838,1.1491
2012,10,31,1.1975,1.0833,1.1518
2012,11,1,1.2204,1.0823,1.1598
2012,11,2,1.2251,1.0828,1.1618
2012,11,5,1.2225,1.0841,1.1617
2012,11,6,1.2173,1.0837,1.1595
2012,11,7,1.2148,1.0834,1.1584
2012,11,8,1.1925,1.0851,1.1511
2012,11,9,1.1901,1.0859,1.1507
2012,11,12,1.1959,1.0857,1.1528
2012,11,13,1.175,1.0867,1.1455
2012,11,14,1.1806,1.0872,1.148
2012,11,15,1.165,1.0868,1.148
2012,11,16,1.1563,1.0891,1.146
2012,11,19,1.1551,1.0903,1.1463
2012,11,20,1.1497,1.09,1.1439
2012,11,21,1.1657,1.0883,1.1492
2012,11,22,1.1564,1.0869,1.1447
2012,11,23,1.1645,1.0873,1.148
2012,11,26,1.1554,1.0873,1.1445
2012,11,27,1.1422,1.0861,1.1385
2012,11,28,1.1308,1.0858,1.1338
2012,11,29,1.1236,1.0863,1.1313
2012,11,30,1.1363,1.0863,1.1364
2012,12,3,1.12,1.0858,1.1296
2012,12,4,1.132,1.0856,1.1342
2012,12,5,1.1726,1.0855,1.1501
2012,12,6,1.1703,1.0853,1.1491
2012,12,7,1.1932,1.0852,1.1581
2012,12,10,1.2061,1.0855,1.1634
2012,12,11,1.1994,1.0864,1.1613
2012,12,12,1.2044,1.0864,1.1632
2012,12,13,1.191,1.087,1.1632
2012,12,14,1.2512,1.0862,1.1862
2012,12,17,1.2569,1.0865,1.1887
2012,12,18,1.2577,1.0869,1.1892
2012,12,19,1.2592,1.0863,1.1895
2012,12,20,1.2665,1.0859,1.1921
2012,12,21,1.2597,1.0865,1.1897
2012,12,24,1.2646,1.0866,1.1917
2012,12,25,1.3003,1.0868,1.2058
2012,12,26,1.3052,1.0879,1.2084
2012,12,27,1.2983,1.0884,1.206
2012,12,28,1.3171,1.0898,1.2143
2012,12,31,1.3399,1.0901,1.2234
2013,1,4,1.3407,1.0889,1.2229
2013,1,7,1.3468,1.0895,1.2257
2013,1,8,1.3411,1.0905,1.2241
2013,1,9,1.3416,1.0909,1.2245
2013,1,10,1.3439,1.0901,1.225
2013,1,11,1.3188,1.0892,1.2146
2013,1,14,1.369,1.0889,1.234
2013,1,15,1.3786,1.089,1.234
2013,1,16,1.3686,1.0891,1.2305
2013,1,17,1.3557,1.0896,1.2262
2013,1,18,1.3784,1.092,1.2359
2013,1,21,1.3866,1.0921,1.2389
2013,1,22,1.3792,1.092,1.2362
2013,1,23,1.3848,1.0919,1.2382
2013,1,24,1.3716,1.0915,1.2332
2013,1,25,1.3658,1.0916,1.2312
2013,1,28,1.4083,1.0915,1.2464
2013,1,29,1.4211,1.0915,1.2509
2013,1,30,1.4279,1.0906,1.2528
2013,1,31,1.4269,1.0909,1.2526
2013,2,1,1.4569,1.0903,1.2629
2013,2,4,1.4594,1.0915,1.2646
2013,2,5,1.472,1.0914,1.2691
2013,2,6,1.4742,1.0916,1.27
2013,2,7,1.4657,1.0919,1.2672
2013,2,8,1.472,1.0919,1.2694
2013,2,18,1.4538,1.0935,1.264
2013,2,19,1.4263,1.0929,1.264
2013,2,20,1.4353,1.0932,1.2674
2013,2,21,1.3864,1.0937,1.2504
2013,2,22,1.379,1.0934,1.2475
2013,2,25,1.3834,1.0927,1.2487
2013,2,26,1.3636,1.0926,1.2415
2013,2,27,1.378,1.0926,1.2467
2013,2,28,1.4197,1.0932,1.2619
2013,3,1,1.4174,1.0928,1.2608
2013,3,4,1.352,1.0936,1.2381
2013,3,5,1.3929,1.0943,1.2531
2013,3,6,1.4075,1.0945,1.2584
2013,3,7,1.3912,1.0945,1.2527
2013,3,8,1.3845,1.0941,1.25
2013,3,11,1.3768,1.0938,1.2471
2013,3,12,1.3572,1.0941,1.2403
2013,3,13,1.3423,1.0944,1.2352
2013,3,14,1.3459,1.0946,1.2366
2013,3,15,1.3489,1.0945,1.2376
2013,3,18,1.329,1.0946,1.2307
2013,3,19,1.341,1.0945,1.2307
2013,3,20,1.3862,1.0948,1.2475
2013,3,21,1.3888,1.0947,1.2484
2013,3,22,1.3905,1.0947,1.249
2013,3,25,1.3878,1.0951,1.2483
2013,3,26,1.3676,1.0954,1.241
2013,3,27,1.3721,1.0951,1.2425
2013,3,28,1.3273,1.0954,1.2263
2013,3,29,1.3251,1.0956,1.2256
2013,4,1,1.3241,1.0964,1.2258
2013,4,2,1.3205,1.0976,1.2252
2013,4,3,1.319,1.0993,1.2258
2013,4,8,1.313,1.1015,1.2251
2013,4,9,1.3221,1.1015,1.2284
2013,4,10,1.3199,1.101,1.2273
2013,4,11,1.3159,1.1012,1.226
2013,4,12,1.3076,1.1016,1.2232
2013,4,15,1.2941,1.1027,1.219
2013,4,16,1.3062,1.1041,1.2244
2013,4,17,1.3056,1.1045,1.2245
2013,4,18,1.309,1.1038,1.2245
2013,4,19,1.3457,1.1022,1.2371
2013,4,22,1.344,1.1025,1.2367
2013,4,23,1.3009,1.1035,1.2212
2013,4,24,1.3253,1.1041,1.2308
2013,4,25,1.3106,1.1044,1.2254
2013,4,26,1.2997,1.1058,1.2223
2013,5,2,1.301,1.1069,1.2235
2013,5,3,1.3239,1.1079,1.2328
2013,5,6,1.3415,1.1075,1.2391
2013,5,7,1.3436,1.1098,1.2414
2013,5,8,1.3504,1.1088,1.2433
2013,5,9,1.3425,1.109,1.2405
2013,5,10,1.3494,1.1091,1.2431
2013,5,13,1.344,1.1093,1.2412
2013,5,14,1.3242,1.11,1.2343
2013,5,15,1.3314,1.1097,1.2367
2013,5,16,1.3557,1.1097,1.2458
2013,5,17,1.3766,1.1096,1.2536
2013,5,20,1.3859,1.1097,1.2571
2013,5,21,1.3887,1.1096,1.2571
2013,5,22,1.3904,1.1095,1.2577
2013,5,23,1.3717,1.1102,1.2514
2013,5,24,1.3793,1.1104,1.2543
2013,5,27,1.3806,1.1108,1.255
2013,5,28,1.4044,1.1112,1.2639
2013,5,29,1.4034,1.1102,1.2629
2013,5,30,1.399,1.1102,1.2613
2013,5,31,1.3842,1.1101,1.2559
2013,6,3,1.3822,1.1094,1.2547
2013,6,4,1.3626,1.109,1.2473
2013,6,5,1.3598,1.1084,1.2459
2013,6,6,1.3425,1.1075,1.239
2013,6,7,1.3193,1.1065,1.2299
2013,6,13,1.2746,1.1079,1.2147
2013,6,14,1.2835,1.1074,1.2176
2013,6,17,1.2766,1.1072,1.215
2013,6,18,1.2845,1.1055,1.2167
2013,6,19,1.275,1.1038,1.212
2013,6,20,1.2329,1.097,1.1922
2013,6,21,1.2307,1.0957,1.1922
2013,6,24,1.1531,1.0949,1.1616
2013,6,25,1.15,1.0963,1.1613
2013,6,26,1.1515,1.1025,1.1659
2013,6,27,1.1475,1.1055,1.1663
2013,6,28,1.1687,1.1076,1.1759
2013,7,1,1.1754,1.1078,1.1787
2013,7,2,1.18,1.1084,1.1808
2013,7,3,1.1704,1.1083,1.177
2013,7,4,1.18,1.109,1.1812
2013,7,5,1.1826,1.1093,1.1824
2013,7,8,1.1491,1.1081,1.1686
2013,7,9,1.1485,1.1071,1.1678
2013,7,10,1.1812,1.1047,1.1788
2013,7,11,1.2357,1.1027,1.1986
2013,7,12,1.2084,1.1014,1.1872
2013,7,15,1.2254,1.1014,1.1938
2013,7,16,1.231,1.1,1.1951
2013,7,17,1.2124,1.0994,1.1874
2013,7,18,1.1924,1.0989,1.1794
2013,7,19,1.1633,1.0979,1.1794
2013,7,22,1.1695,1.0964,1.181
2013,7,23,1.2033,1.0949,1.1937
2013,7,24,1.1945,1.0907,1.1874
2013,7,25,1.1884,1.0932,1.1866
2013,7,26,1.1811,1.0945,1.1845
2013,7,29,1.1556,1.0934,1.1734
2013,7,30,1.1627,1.0942,1.1768
2013,7,31,1.1647,1.0956,1.1784
2013,8,1,1.1925,1.0962,1.1901
2013,8,2,1.1935,1.0969,1.191
2013,8,5,1.21,1.0965,1.1974
2013,8,6,1.2181,1.0959,1.2003
2013,8,7,1.2112,1.0944,1.1966
2013,8,8,1.2092,1.0919,1.1941
2013,8,9,1.2141,1.0912,1.1957
2013,8,12,1.2495,1.0892,1.2087
2013,8,13,1.2529,1.0868,1.2085
2013,8,14,1.2475,1.084,1.2046
2013,8,15,1.2329,1.0828,1.1979
2013,8,16,1.2237,1.0834,1.1979
2013,8,19,1.2382,1.0823,1.2029
2013,8,20,1.2281,1.0798,1.1973
2013,8,21,1.226,1.0803,1.1968
2013,8,22,1.2236,1.0804,1.1959
2013,8,23,1.2145,1.0825,1.1938
2013,8,26,1.2404,1.0848,1.2054
2013,8,27,1.2432,1.0847,1.2064
2013,8,28,1.2364,1.0833,1.2029
2013,8,29,1.2312,1.0825,1.2003
2013,8,30,1.2289,1.0821,1.1991
2013,9,2,1.2323,1.0822,1.2005
2013,9,3,1.2504,1.0819,1.2074
2013,9,4,1.2484,1.0812,1.2062
2013,9,5,1.2436,1.0807,1.2039
2013,9,6,1.2522,1.0808,1.2073
2013,9,9,1.2962,1.0806,1.2244
2013,9,10,1.3144,1.0792,1.2307
2013,9,11,1.3186,1.0773,1.231
2013,9,12,1.3317,1.0765,1.2356
2013,9,13,1.3218,1.0769,1.2356
2013,9,16,1.3162,1.0778,1.2342
2013,9,17,1.2891,1.0804,1.2258
2013,9,18,1.2919,1.0799,1.2265
2013,9,23,1.313,1.0842,1.2374
2013,9,24,1.2979,1.0839,1.2315
2013,9,25,1.29,1.0848,1.2292
2013,9,26,1.2663,1.0865,1.2215
2013,9,27,1.2719,1.0865,1.2236
2013,9,30,1.2794,1.0861,1.2261
2013,10,8,1.2968,1.0875,1.2336
2013,10,9,1.303,1.0881,1.2363
2013,10,10,1.2902,1.0872,1.2309
2013,10,11,1.311,1.0875,1.2389
2013,10,14,1.3131,1.0863,1.2388
2013,10,15,1.3104,1.0859,1.2376
2013,10,16,1.2859,1.0852,1.2279
2013,10,17,1.2817,1.0848,1.2261
2013,10,18,1.2884,1.0846,1.2285
2013,10,21,1.3125,1.0842,1.2372
2013,10,22,1.299,1.084,1.2372
2013,10,23,1.2844,1.0843,1.2319
2013,10,24,1.2749,1.0817,1.2264
2013,10,25,1.2579,1.082,1.2202
2013,10,28,1.2565,1.0815,1.2193
2013,10,29,1.2597,1.0803,1.2197
2013,10,30,1.2786,1.0805,1.2271
2013,10,31,1.2606,1.0819,1.2212
2013,11,1,1.2666,1.0829,1.2241
2013,11,4,1.2642,1.0826,1.223
2013,11,5,1.266,1.0818,1.2231
2013,11,6,1.2499,1.0789,1.215
2013,11,7,1.243,1.0761,1.2105
2013,11,8,1.2257,1.0727,1.2016
2013,11,11,1.2299,1.0693,1.2008
2013,11,12,1.2427,1.0678,1.2047
2013,11,13,1.2152,1.0663,1.1932
2013,11,14,1.2239,1.0654,1.1959
2013,11,15,1.2484,1.0607,1.202
2013,11,18,1.2899,1.0606,1.2178
2013,11,19,1.281,1.06,1.2178
2013,11,20,1.2878,1.0578,1.2188
2013,11,21,1.2799,1.0591,1.2167
2013,11,22,1.2735,1.0628,1.2168
2013,11,25,1.2686,1.0629,1.215
2013,11,26,1.2679,1.0618,1.214
2013,11,27,1.2823,1.0659,1.2223
2013,11,28,1.2956,1.0688,1.2294
2013,11,29,1.2953,1.0704,1.2303
2013,12,2,1.2846,1.0694,1.2255
2013,12,3,1.2973,1.0692,1.2303
2013,12,4,1.3145,1.0691,1.2367
2013,12,5,1.3108,1.0686,1.235
2013,12,6,1.3024,1.0668,1.2306
2013,12,9,1.3016,1.0653,1.2292
2013,12,10,1.3029,1.0617,1.2272
2013,12,11,1.2814,1.0611,1.2186
2013,12,12,1.2799,1.0642,1.2202
2013,12,13,1.2781,1.0668,1.2213
2013,12,16,1.2576,1.0661,1.213
2013,12,17,1.2514,1.0645,1.213
2013,12,18,1.2519,1.0639,1.2128
2013,12,19,1.2387,1.0627,1.2069
2013,12,20,1.2099,1.0629,1.1958
2013,12,23,1.2133,1.0638,1.1978
2013,12,24,1.2152,1.0652,1.1995
2013,12,25,1.2242,1.0657,1.2033
2013,12,26,1.2031,1.0657,1.1951
2013,12,27,1.2233,1.0651,1.2026
2013,12,30,1.2212,1.0657,1.2021
2013,12,31,1.2374,1.0656,1.2084
2014,1,2,1.2332,1.065,1.2063
2014,1,3,1.2166,1.063,1.1985
2014,1,6,1.1889,1.063,1.1878
2014,1,7,1.1886,1.0637,1.1881
2014,1,8,1.1906,1.0656,1.1902
2014,1,9,1.1802,1.0672,1.1872
2014,1,10,1.171,1.0672,1.1837
2014,1,13,1.165,1.0669,1.1812
2014,1,14,1.1752,1.0674,1.1855
2014,1,15,1.1731,1.0682,1.1855
2014,1,16,1.1747,1.0687,1.1865
2014,1,17,1.1569,1.0683,1.179
2014,1,20,1.1503,1.0695,1.1772
2014,1,21,1.1617,1.074,1.1847
2014,1,22,1.1916,1.0755,1.1978
2014,1,23,1.1853,1.0757,1.1954
2014,1,24,1.1926,1.0752,1.198
2014,1,27,1.1768,1.078,1.1935
2014,1,28,1.1789,1.0781,1.1944
2014,1,29,1.1831,1.0785,1.1964
2014,1,30,1.1697,1.079,1.1913
2014,2,7,1.175,1.0801,1.1942
2014,2,10,1.2042,1.0809,1.2065
2014,2,11,1.2138,1.0808,1.2103
2014,2,12,1.2168,1.0817,1.2121
2014,2,13,1.2106,1.0819,1.2098
2014,2,14,1.2191,1.0831,1.214
2014,2,17,1.2277,1.0823,1.2169
2014,2,18,1.2122,1.0816,1.2102
2014,2,19,1.2261,1.081,1.2102
2014,2,20,1.2148,1.0816,1.2061
2014,2,21,1.2025,1.0815,1.2012
2014,2,24,1.1761,1.083,1.1918
2014,2,25,1.146,1.0846,1.181
2014,2,26,1.1489,1.0875,1.1841
2014,2,27,1.144,1.0904,1.1841
2014,2,28,1.1572,1.0931,1.1911
2014,3,3,1.1633,1.0922,1.1929
2014,3,4,1.16,1.0866,1.1878
2014,3,5,1.1492,1.0869,1.1838
2014,3,6,1.1544,1.0868,1.1858
2014,3,7,1.1516,1.0871,1.1848
2014,3,10,1.1141,1.0873,1.1701
2014,3,11,1.1199,1.0876,1.1727
2014,3,12,1.1228,1.0877,1.1739
2014,3,13,1.1367,1.089,1.1802
2014,3,14,1.1274,1.0896,1.177
2014,3,17,1.1381,1.0899,1.1814
2014,3,18,1.1355,1.0899,1.1804
2014,3,19,1.1263,1.0898,1.1804
2014,3,20,1.1083,1.0894,1.1726
2014,3,21,1.1465,1.0895,1.1886
2014,3,24,1.1559,1.091,1.1935
2014,3,25,1.1548,1.0906,1.1928
2014,3,26,1.153,1.0913,1.1925
2014,3,27,1.1449,1.0916,1.1893
2014,3,28,1.1429,1.0909,1.188
2014,3,31,1.1399,1.0907,1.1866
2014,4,1,1.1488,1.0907,1.1904
2014,4,2,1.1581,1.0903,1.1941
2014,4,3,1.1498,1.0897,1.1901
2014,4,4,1.1607,1.0885,1.1939
2014,4,8,1.1882,1.0895,1.2061
2014,4,9,1.1889,1.0898,1.2066
2014,4,10,1.2075,1.0897,1.2143
2014,4,11,1.2059,1.0902,1.214
2014,4,14,1.2048,1.0917,1.2145
2014,4,15,1.184,1.0932,1.2068
2014,4,16,1.1856,1.0929,1.2073
2014,4,17,1.1815,1.0956,1.2073
2014,4,18,1.1814,1.0968,1.208
2014,4,21,1.1616,1.0977,1.2005
2014,4,22,1.1667,1.0974,1.2024
2014,4,23,1.1655,1.0977,1.2021
2014,4,24,1.1633,1.0978,1.2013
2014,4,25,1.1513,1.0965,1.1955
2014,4,28,1.1338,1.0981,1.1895
2014,4,29,1.1463,1.098,1.1945
2014,4,30,1.1464,1.0987,1.195
2014,5,5,1.1453,1.0995,1.195
2014,5,6,1.1457,1.0991,1.1949
2014,5,7,1.1351,1.1002,1.1913
2014,5,8,1.1341,1.1008,1.1913
2014,5,9,1.1333,1.1049,1.1937
2014,5,12,1.1578,1.1068,1.2049
2014,5,13,1.155,1.1056,1.2031
2014,5,14,1.1537,1.1037,1.2013
2014,5,15,1.1387,1.1048,1.1959
2014,5,16,1.1397,1.1039,1.1957
2014,5,19,1.1233,1.104,1.1957
2014,5,20,1.1236,1.1052,1.1966
2014,5,21,1.1343,1.1066,1.202
2014,5,22,1.1317,1.1066,1.2009
2014,5,23,1.141,1.1067,1.2049
2014,5,26,1.145,1.1077,1.2073
2014,5,27,1.1404,1.1076,1.2053
2014,5,28,1.1521,1.1098,1.2117
2014,5,29,1.1446,1.1115,1.2096
2014,5,30,1.1453,1.1132,1.211
2014,6,3,1.1418,1.1146,1.2104
2014,6,4,1.1303,1.1173,1.2073
2014,6,5,1.1421,1.1173,1.2123
2014,6,6,1.1337,1.1176,1.2089
2014,6,9,1.1335,1.1182,1.2092
2014,6,10,1.1478,1.119,1.2158
2014,6,11,1.1475,1.119,1.2157
2014,6,12,1.1436,1.1194,1.2143
2014,6,13,1.1558,1.1187,1.219
2014,6,16,1.164,1.1199,1.2234
2014,6,17,1.1523,1.12,1.2234
2014,6,18,1.1473,1.1195,1.2209
2014,6,19,1.1296,1.1201,1.2138
2014,6,20,1.1348,1.1199,1.2159
2014,6,23,1.1334,1.1211,1.2161
2014,6,24,1.1391,1.1206,1.2182
2014,6,25,1.133,1.1204,1.2155
2014,6,26,1.1413,1.1208,1.2193
2014,6,27,1.142,1.1208,1.2195
2014,6,30,1.1498,1.121,1.223
2014,7,1,1.1496,1.1207,1.2226
2014,7,2,1.1529,1.119,1.223
2014,7,3,1.1579,1.1183,1.2246
2014,7,4,1.1571,1.1174,1.2237
2014,7,7,1.1558,1.1179,1.2235
2014,7,8,1.158,1.1183,1.2246
2014,7,9,1.1411,1.1179,1.2173
2014,7,10,1.138,1.1182,1.2161
2014,7,11,1.1408,1.1187,1.2176
2014,7,14,1.1534,1.1177,1.2223
2014,7,15,1.1551,1.1167,1.2223
2014,7,16,1.1529,1.1146,1.22
2014,7,17,1.1456,1.1126,1.2156
2014,7,18,1.1493,1.1108,1.216
2014,7,21,1.1505,1.1112,1.2168
2014,7,22,1.1645,1.1122,1.2234
2014,7,23,1.1672,1.1117,1.2242
2014,7,24,1.188,1.1121,1.2332
2014,7,25,1.2005,1.1126,1.2389
2014,7,28,1.2342,1.113,1.2534
2014,7,29,1.2381,1.1134,1.2553
2014,7,30,1.2332,1.1135,1.2533
2014,7,31,1.2482,1.1135,1.2596
2014,8,1,1.2371,1.1142,1.2554
2014,8,4,1.2616,1.116,1.267
2014,8,5,1.2583,1.116,1.2656
2014,8,6,1.2551,1.1162,1.2643
2014,8,7,1.2361,1.1165,1.2565
2014,8,8,1.238,1.1165,1.2573
2014,8,11,1.2562,1.1166,1.2651
2014,8,12,1.2518,1.1159,1.2651
2014,8,13,1.2528,1.1166,1.2659
2014,8,14,1.2406,1.1181,1.262
2014,8,15,1.2537,1.118,1.2672
2014,8,18,1.2611,1.1184,1.2705
2014,8,19,1.2612,1.1184,1.2705
2014,8,20,1.2566,1.118,1.2684
2014,8,21,1.2503,1.1179,1.2658
2014,8,22,1.2562,1.1178,1.2681
2014,8,25,1.2442,1.1183,1.2637
2014,8,26,1.2343,1.1186,1.2598
2014,8,27,1.2361,1.1199,1.2614
2014,8,28,1.2275,1.1205,1.2583
2014,8,29,1.2418,1.1206,1.2642
2014,9,1,1.2509,1.1213,1.2683
2014,9,2,1.2674,1.1215,1.2752
2014,9,3,1.2793,1.1214,1.2799
2014,9,4,1.2885,1.1212,1.2835
2014,9,5,1.3008,1.1213,1.2885
2014,9,9,1.2986,1.1219,1.2881
2014,9,10,1.2918,1.1212,1.2881
2014,9,11,1.287,1.121,1.286
2014,9,12,1.295,1.1212,1.2893
2014,9,15,1.2943,1.1222,1.2897
2014,9,16,1.2686,1.1225,1.2797
2014,9,17,1.2753,1.123,1.2827
2014,9,18,1.2792,1.125,1.2856
2014,9,19,1.288,1.1281,1.2913
2014,9,22,1.2634,1.1305,1.2831
2014,9,23,1.2743,1.1313,1.288
2014,9,24,1.2968,1.1309,1.2967
2014,9,25,1.2942,1.1307,1.2955
2014,9,26,1.2943,1.1312,1.2959
2014,9,29,1.3,1.132,1.2988
2014,9,30,1.3017,1.1326,1.2998
2014,10,8,1.3162,1.1336,1.3063
2014,10,9,1.3181,1.1339,1.3072
2014,10,10,1.3101,1.1337,1.3039
2014,10,13,1.3038,1.1359,1.303
2014,10,14,1.2993,1.1375,1.3023
2014,10,15,1.3085,1.1424,1.3023
2014,10,16,1.2982,1.1459,1.3005
2014,10,17,1.2968,1.1459,1.3
2014,10,20,1.3036,1.15,1.3055
2014,10,21,1.2923,1.1523,1.3026
2014,10,22,1.2845,1.1511,1.2987
2014,10,23,1.2724,1.1504,1.2934
2014,10,24,1.2697,1.1508,1.2926
2014,10,27,1.258,1.1508,1.2879
2014,10,28,1.2834,1.152,1.2988
2014,10,29,1.3019,1.153,1.3069
2014,10,30,1.3112,1.1536,1.311
2014,10,31,1.3321,1.1537,1.3194
2014,11,3,1.3344,1.1556,1.3216
2014,11,4,1.3347,1.1574,1.3229
2014,11,5,1.3295,1.1592,1.3221
2014,11,6,1.3309,1.1598,1.3231
2014,11,7,1.3288,1.1616,1.3235
2014,11,10,1.3626,1.1648,1.3391
2014,11,11,1.3588,1.1692,1.3406
2014,11,12,1.3778,1.1675,1.3406
2014,11,13,1.3701,1.1662,1.3367
2014,11,14,1.3708,1.1654,1.3364
2014,11,17,1.3633,1.1643,1.3327
2014,11,18,1.3497,1.1638,1.3271
2014,11,19,1.3475,1.1635,1.326
2014,11,20,1.3474,1.1639,1.3263
2014,11,21,1.372,1.1619,1.3345
2014,11,24,1.407,1.1678,1.3522
2014,11,25,1.4262,1.1678,1.3597
2014,11,26,1.4461,1.1678,1.3674
2014,11,27,1.4629,1.1675,1.3737
2014,11,28,1.4917,1.1685,1.3856
2014,12,1,1.4975,1.1688,1.3881
2014,12,2,1.5528,1.1674,1.4086
2014,12,3,1.576,1.1657,1.4165
2014,12,4,1.6487,1.1633,1.4431
2014,12,5,1.6596,1.1585,1.4441
2014,12,8,1.7275,1.1568,1.4693
2014,12,9,1.65,1.1547,1.4377
2014,12,10,1.7109,1.155,1.4377
2014,12,11,1.6904,1.1573,1.4325
2014,12,12,1.6959,1.1562,1.4335
2014,12,15,1.7086,1.1565,1.438
2014,12,16,1.7544,1.1559,1.453
2014,12,17,1.7847,1.1574,1.4643
2014,12,18,1.777,1.1579,1.4621
2014,12,19,1.7967,1.1589,1.4694
2014,12,22,1.8027,1.16,1.4723
2014,12,23,1.7658,1.1611,1.4607
2014,12,24,1.7156,1.1639,1.4459
2014,12,25,1.7714,1.1653,1.4657
2014,12,26,1.83,1.1648,1.485
2014,12,29,1.8351,1.1656,1.4874
2014,12,30,1.8362,1.1661,1.4881
2014,12,31,1.8767,1.1655,1.5012
2015,1,5,1.9339,1.1654,1.5204
2015,1,6,1.9337,1.1652,1.5202
2015,1,7,1.9351,1.1665,1.5216
2015,1,8,1.8902,1.1662,1.5063
2015,1,9,1.8836,1.1665,1.5063
2015,1,12,1.866,1.1671,1.5012
2015,1,13,1.8662,1.1688,1.5025
2015,1,14,1.8601,1.1717,1.5028
2015,1,15,1.9141,1.1732,1.5212
2015,1,16,1.9305,1.1737,1.5269
2015,1,19,1.7819,1.1752,1.4805
2015,1,20,1.8037,1.1757,1.4878
2015,1,21,1.8847,1.1756,1.5137
2015,1,22,1.8947,1.1766,1.5177
2015,1,23,1.8969,1.178,1.5194
2015,1,26,1.9161,1.1783,1.5259
2015,1,27,1.8986,1.1796,1.5213
2015,1,28,1.8722,1.1785,1.512
2015,1,29,1.8491,1.1771,1.5035
2015,1,30,1.8239,1.1763,1.4948
2015,2,2,1.7812,1.1769,1.4816
2015,2,3,1.8256,1.1789,1.4974
2015,2,4,1.8066,1.1786,1.491
2015,2,5,1.7881,1.1806,1.4867
2015,2,6,1.7592,1.1805,1.4867
2015,2,9,1.7769,1.1795,1.4919
2015,2,10,1.8094,1.1808,1.5039
2015,2,11,1.8238,1.1808,1.5088
2015,2,12,1.8284,1.1838,1.5126
2015,2,13,1.8428,1.1847,1.5181
2015,2,16,1.8585,1.1873,1.5254
2015,2,17,1.8706,1.1884,1.5303
2015,2,25,1.8475,1.1888,1.5228
2015,2,26,1.894,1.1896,1.5391
2015,2,27,1.8975,1.1891,1.54
2015,3,2,1.9126,1.1886,1.5447
2015,3,3,1.863,1.188,1.5274
2015,3,4,1.8751,1.187,1.5308
2015,3,5,1.8568,1.1866,1.5243
2015,3,6,1.8474,1.1841,1.5192
2015,3,9,1.8788,1.1839,1.5297
2015,3,10,1.8697,1.1826,1.5256
2015,3,11,1.8719,1.1835,1.527
2015,3,12,1.9081,1.1861,1.5412
2015,3,13,1.9213,1.1859,1.5412
2015,3,16,1.968,1.1846,1.5552
2015,3,17,1.9953,1.1831,1.5628
2015,3,18,2.0426,1.1838,1.5785
2015,3,19,2.0392,1.1837,1.5773
2015,3,20,2.0673,1.1848,1.5872
2015,3,23,2.1095,1.1854,1.6012
2015,3,24,2.11,1.1854,1.6013
2015,3,25,2.0927,1.1848,1.5953
2015,3,26,2.0978,1.1844,1.5967
2015,3,27,2.1093,1.1812,1.5979
2015,3,30,2.1711,1.1808,1.6174
2015,3,31,2.1515,1.1789,1.6096
2015,4,1,2.1901,1.1774,1.6208
2015,4,2,2.1906,1.18,1.623
2015,4,3,2.2149,1.1814,1.6319
2015,4,7,2.2624,1.1796,1.6458
2015,4,8,2.2814,1.1782,1.6507
2015,4,9,2.2635,1.1763,1.6435
2015,4,10,2.3072,1.1785,1.6592
2015,4,13,2.3479,1.1789,1.6592
2015,4,14,2.357,1.1798,1.6626
2015,4,15,2.3264,1.1811,1.655
2015,4,16,2.397,1.1823,1.6759
2015,4,17,2.4409,1.1824,1.6885
2015,4,20,2.4015,1.1856,1.68
2015,4,21,2.4531,1.1891,1.6976
2015,4,22,2.5172,1.1895,1.7161
2015,4,23,2.5178,1.1892,1.7159
2015,4,24,2.4975,1.1888,1.7098
2015,4,27,2.5532,1.189,1.7258
2015,4,28,2.5183,1.1906,1.7173
2015,4,29,2.5355,1.1914,1.7228
2015,4,30,2.5226,1.1913,1.7191
2015,5,4,2.5427,1.1917,1.7251
2015,5,5,2.4413,1.1914,1.6961
2015,5,6,2.4182,1.1912,1.6895
2015,5,7,2.374,1.1897,1.6757
2015,5,8,2.4209,1.1911,1.6902
2015,5,11,2.491,1.1921,1.7108
2015,5,12,2.5213,1.1933,1.7108
2015,5,13,2.5059,1.1944,1.7076
2015,5,14,2.4965,1.1957,1.7062
2015,5,15,2.4522,1.1981,1.6963
2015,5,18,2.4298,1.199,1.6909
2015,5,19,2.5127,1.1978,1.7124
2015,5,20,2.5252,1.1977,1.7157
2015,5,21,2.5709,1.1978,1.7282
2015,5,22,2.6296,1.1972,1.7436
2015,5,25,2.7082,1.1976,1.7653
2015,5,26,2.761,1.1955,1.7778
2015,5,27,2.7518,1.1941,1.7741
2015,5,28,2.5672,1.1921,1.7223
2015,5,29,2.5709,1.1913,1.7226
2015,6,1,2.6959,1.1885,1.7541
2015,6,2,2.7414,1.1894,1.7672
2015,6,3,2.7317,1.1906,1.7656
2015,6,4,2.7517,1.1913,1.7717
2015,6,5,2.7778,1.192,1.7793
2015,6,8,2.8433,1.1928,1.7978
2015,6,9,2.824,1.1936,1.7978
2015,6,10,2.8196,1.1932,1.7964
2015,6,11,2.8182,1.1919,1.7948
2015,6,12,2.8334,1.1899,1.7968
2015,6,15,2.7729,1.1917,1.7831
2015,6,16,2.6898,1.1909,1.7612
2015,6,17,2.7291,1.1921,1.7723
2015,6,18,2.6185,1.1935,1.7454
2015,6,19,2.4626,1.1948,1.7069
2015,6,23,2.5418,1.1944,1.7266
2015,6,24,2.5917,1.1945,1.7395
2015,6,25,2.4995,1.1949,1.7163
2015,6,26,2.3029,1.1948,1.6662
2015,6,29,2.226,1.1948,1.6466
2015,6,30,2.3755,1.1963,1.686
2015,7,1,2.2587,1.1964,1.6564
2015,7,2,2.1817,1.1966,1.637
2015,7,3,2.0637,1.1948,1.6053
2015,7,6,2.1235,1.1971,1.6226
2015,7,7,2.0861,1.2002,1.6159
2015,7,8,1.9454,1.2013,1.6159
2015,7,9,2.0699,1.1991,1.6555
2015,7,10,2.1809,1.1999,1.6929
2015,7,13,2.2368,1.2005,1.712
2015,7,14,2.1839,1.1966,1.6913
2015,7,15,2.1067,1.199,1.6676
2015,7,16,2.1229,1.1995,1.6734
2015,7,17,2.2048,1.2004,1.7013
2015,7,20,2.2096,1.2009,1.7033
2015,7,21,2.2125,1.2016,1.7048
2015,7,22,2.2078,1.2018,1.7034
2015,7,23,2.2575,1.2014,1.7196
2015,7,24,2.2179,1.2026,1.7075
2015,7,27,2.028,1.2035,1.6451
2015,7,28,2.024,1.2044,1.6445
2015,7,29,2.0873,1.2052,1.6662
2015,7,30,2.0263,1.2047,1.6455
2015,7,31,2.027,1.2036,1.6448
2015,8,3,2.0336,1.2034,1.6469
2015,8,4,2.0968,1.2034,1.6678
2015,8,5,2.0536,1.2042,1.6678
2015,8,6,2.035,1.2048,1.6623
2015,8,7,2.0749,1.2063,1.6765
2015,8,10,2.1691,1.2071,1.7078
2015,8,11,2.1597,1.2056,1.7035
2015,8,12,2.1329,1.2036,1.6931
2015,8,13,2.1644,1.2029,1.7028
2015,8,14,2.1634,1.2039,1.7032
2015,8,17,2.1657,1.2043,1.7043
2015,8,18,2.0316,1.2033,1.6599
2015,8,19,2.0638,1.2033,1.6705
2015,8,20,1.9976,1.2029,1.6486
2015,8,21,1.9063,1.2039,1.6197
2015,8,24,1.7396,1.2046,1.5661
2015,8,25,1.616,1.2059,1.5271
2015,8,26,1.6069,1.207,1.5251
2015,8,27,1.7024,1.2084,1.5573
2015,8,28,1.775,1.2094,1.5817
2015,8,31,1.7879,1.2114,1.5875
2015,9,1,1.7855,1.2126,1.5877
2015,9,2,1.7875,1.2133,1.5877
2015,9,7,1.7263,1.2119,1.5649
2015,9,8,1.7706,1.2119,1.5807
2015,9,9,1.8053,1.211,1.5922
2015,9,10,1.7831,1.2112,1.5846
2015,9,11,1.7776,1.2115,1.5828
2015,9,14,1.7425,1.2123,1.5709
2015,9,15,1.6741,1.2123,1.5466
2015,9,16,1.7575,1.2128,1.5767
2015,9,17,1.7191,1.2135,1.5636
2015,9,18,1.7267,1.213,1.5659
2015,9,21,1.7569,1.2136,1.5772
2015,9,22,1.7733,1.2136,1.583
2015,9,23,1.7329,1.2136,1.5686
2015,9,24,1.7446,1.2137,1.5728
2015,9,25,1.7164,1.2143,1.5633
2015,9,28,1.7222,1.2145,1.5655
2015,9,29,1.6882,1.2175,1.5558
2015,9,30,1.701,1.2186,1.5612
2015,10,8,1.7507,1.2196,1.5796
2015,10,9,1.7739,1.2215,1.5796
2015,10,12,1.831,1.2248,1.6025
2015,10,13,1.8296,1.2263,1.6032
2015,10,14,1.8089,1.228,1.5972
2015,10,15,1.8518,1.2294,1.6135
2015,10,16,1.8769,1.2283,1.6216
2015,10,19,1.8769,1.2282,1.6215
2015,10,20,1.9,1.2295,1.6308
2015,10,21,1.8446,1.2302,1.6115
2015,10,22,1.8718,1.2314,1.6222
2015,10,23,1.8966,1.2319,1.6314
2015,10,26,1.9062,1.2341,1.6365
2015,10,27,1.9081,1.2353,1.6381
2015,10,28,1.872,1.2371,1.6267
2015,10,29,1.8765,1.2357,1.6271
2015,10,30,1.8769,1.2345,1.6264
2015,11,2,1.846,1.2345,1.6154
2015,11,3,1.8405,1.2346,1.6135
2015,11,4,1.927,1.2335,1.6435
2015,11,5,1.9682,1.2316,1.6567
2015,11,6,2.0146,1.232,1.6567
2015,11,9,2.0395,1.2296,1.663
2015,11,10,2.0358,1.228,1.6604
2015,11,11,2.036,1.2284,1.6608
2015,11,12,2.0156,1.2292,1.6548
2015,11,13,1.9896,1.23,1.6468
2015,11,16,1.999,1.2302,1.6501
2015,11,17,1.996,1.2307,1.6496
2015,11,18,1.9733,1.2303,1.6417
2015,11,19,2.0048,1.2301,1.6519
2015,11,20,2.0045,1.2304,1.6521
2015,11,23,1.9933,1.2308,1.6487
2015,11,24,1.9936,1.231,1.649
2015,11,25,2.0083,1.2322,1.6548
2015,11,26,1.9966,1.2332,1.6517
2015,11,27,1.889,1.2343,1.6173
2015,11,30,1.894,1.235,1.6195
2015,12,1,1.9075,1.2356,1.6244
2015,12,2,1.9767,1.2361,1.6475
2015,12,3,1.9912,1.2359,1.6521
2015,12,4,1.9531,1.2371,1.6521
2015,12,7,1.9584,1.2383,1.6548
2015,12,8,1.9241,1.2385,1.6434
2015,12,9,1.931,1.2391,1.6462
2015,12,10,1.9241,1.2397,1.6444
2015,12,11,1.9162,1.2403,1.6421
2015,12,14,1.971,1.2409,1.6612
2015,12,15,1.962,1.2413,1.6585
2015,12,16,1.9573,1.2407,1.6564
2015,12,17,1.9947,1.241,1.6693
2015,12,18,2.0011,1.2432,1.6732
2015,12,21,2.0531,1.2457,1.6928
2015,12,22,2.0589,1.2492,1.6976
2015,12,23,2.0534,1.2493,1.6958
2015,12,24,2.0337,1.25,1.6897
2015,12,25,2.0384,1.252,1.6929
2015,12,28,1.9797,1.2536,1.6743
2015,12,29,1.9979,1.2535,1.6803
2015,12,30,1.9996,1.2533,1.6808
2015,12,31,1.9815,1.2526,1.6741
2016,1,4,1.8423,1.2513,1.6741
2016,1,5,1.8475,1.2497,1.6747
2016,1,6,1.8799,1.2497,1.6865
2016,1,7,1.7496,1.2507,1.64
2016,1,8,1.7853,1.2505,1.6527
2016,1,11,1.6954,1.2515,1.6209
2016,1,12,1.7078,1.2539,1.6273
2016,1,13,1.676,1.2558,1.6173
2016,1,14,1.7109,1.2576,1.6314
2016,1,15,1.6563,1.2574,1.6114
2016,1,18,1.6627,1.2568,1.6132
2016,1,19,1.7117,1.256,1.6304
2016,1,20,1.6858,1.2555,1.6207
2016,1,21,1.6364,1.2546,1.6019
2016,1,22,1.6535,1.2559,1.6092
2016,1,25,1.6617,1.2549,1.6114
2016,1,26,1.5616,1.2538,1.5741
2016,1,27,1.5562,1.2535,1.5719
2016,1,28,1.5156,1.2537,1.5573
2016,1,29,1.5646,1.2541,1.5754
2016,2,1,1.5407,1.2554,1.5754
2016,2,2,1.5727,1.2553,1.5884
2016,2,3,1.566,1.2539,1.5846
2016,2,4,1.5851,1.2549,1.5932
2016,2,5,1.574,1.2535,1.5876
2016,2,15,1.5649,1.256,1.5858
2016,2,16,1.6129,1.2567,1.606
2016,2,17,1.6269,1.2569,1.6118
2016,2,18,1.6218,1.2572,1.61
2016,2,19,1.6206,1.2574,1.6096
2016,2,22,1.6564,1.2573,1.6241
2016,2,23,1.6407,1.2575,1.6179
2016,2,24,1.6514,1.2577,1.6224
2016,2,25,1.5501,1.2575,1.5808
2016,2,26,1.5656,1.258,1.5876
2016,2,29,1.5282,1.2585,1.5727
2016,3,1,1.5564,1.2599,1.5853
2016,3,2,1.6205,1.2612,1.6125
2016,3,3,1.6243,1.2612,1.614
2016,3,4,1.6431,1.2608,1.6213
2016,3,7,1.6489,1.2604,1.6213
2016,3,8,1.6504,1.26,1.6216
2016,3,9,1.6314,1.2605,1.6145
2016,3,10,1.6002,1.2618,1.6033
2016,3,11,1.6029,1.2627,1.6051
2016,3,14,1.6281,1.2634,1.6155
2016,3,15,1.633,1.2641,1.6179
2016,3,16,1.6411,1.2644,1.6213
2016,3,17,1.6592,1.2653,1.6292
2016,3,18,1.6846,1.2661,1.6398
2016,3,21,1.7257,1.2661,1.656
2016,3,22,1.7131,1.2664,1.6512
2016,3,23,1.7186,1.2671,1.654
2016,3,24,1.6898,1.2681,1.6434
2016,3,25,1.6983,1.269,1.6474
2016,3,28,1.6834,1.2703,1.6426
2016,3,29,1.6652,1.2704,1.6355
2016,3,30,1.7081,1.2705,1.6524
2016,3,31,1.7091,1.2717,1.6537
2016,4,1,1.7111,1.2714,1.6543
2016,4,5,1.7337,1.2719,1.6543
2016,4,6,1.73,1.2713,1.6525
2016,4,7,1.7044,1.2715,1.6429
2016,4,8,1.6919,1.2717,1.6382
2016,4,11,1.7154,1.2717,1.6473
2016,4,12,1.7093,1.2717,1.6448
2016,4,13,1.7321,1.2701,1.6523
2016,4,14,1.7397,1.2687,1.6541
2016,4,15,1.7378,1.2676,1.6525
2016,4,18,1.7146,1.2688,1.6446
2016,4,19,1.7198,1.2684,1.6463
2016,4,20,1.6894,1.2666,1.6333
2016,4,21,1.6785,1.265,1.6279
2016,4,22,1.6861,1.2644,1.6304
2016,4,25,1.6793,1.2625,1.6263
2016,4,26,1.6884,1.2596,1.6275
2016,4,27,1.6814,1.2612,1.626
2016,4,28,1.6785,1.2614,1.6251
2016,4,29,1.6765,1.2626,1.6253
2016,5,3,1.7066,1.2633,1.6373
2016,5,4,1.7045,1.2636,1.6373
2016,5,5,1.7068,1.264,1.6385
2016,5,6,1.6625,1.2639,1.6214
2016,5,9,1.6281,1.2652,1.6092
2016,5,10,1.6299,1.2667,1.6111
2016,5,11,1.6372,1.2666,1.6138
2016,5,12,1.6411,1.2672,1.6158
2016,5,13,1.633,1.2673,1.6127
2016,5,16,1.6439,1.2674,1.617
2016,5,17,1.6389,1.2673,1.615
2016,5,18,1.6294,1.2665,1.6107
2016,5,19,1.6264,1.2653,1.6086
2016,5,20,1.6348,1.2655,1.612
2016,5,23,1.6396,1.2664,1.6145
2016,5,24,1.627,1.2663,1.6097
2016,5,25,1.6247,1.2666,1.609
2016,5,26,1.6273,1.2665,1.61
2016,5,27,1.6264,1.2664,1.6095
2016,5,30,1.6287,1.2663,1.6102
2016,5,31,1.6833,1.2665,1.6314
2016,6,1,1.6785,1.2666,1.6314
2016,6,2,1.682,1.2663,1.6326
2016,6,3,1.6938,1.2657,1.6367
2016,6,6,1.6882,1.2668,1.6354
2016,6,7,1.6873,1.2669,1.6351
2016,6,8,1.6803,1.2669,1.6324
2016,6,13,1.6285,1.2671,1.6124
2016,6,14,1.6336,1.2674,1.6146
2016,6,15,1.655,1.2683,1.6237
2016,6,16,1.6435,1.2681,1.619
2016,6,17,1.6518,1.2689,1.6228
2016,6,20,1.6531,1.2689,1.6233
2016,6,21,1.6497,1.2686,1.6218
2016,6,22,1.6644,1.2692,1.628
2016,6,23,1.6555,1.2696,1.6249
2016,6,24,1.6342,1.2706,1.6173
2016,6,27,1.6573,1.2729,1.628
2016,6,28,1.6657,1.2731,1.6315
2016,6,29,1.6736,1.2726,1.6342
2016,6,30,1.675,1.2741,1.6359
2016,7,1,1.6751,1.2749,1.6359
2016,7,4,1.7019,1.2761,1.6473
2016,7,5,1.7034,1.2754,1.6474
2016,7,6,1.7084,1.2762,1.6499
2016,7,7,1.7047,1.277,1.6491
2016,7,8,1.6954,1.2775,1.6458
2016,7,11,1.7012,1.2777,1.6483
2016,7,12,1.7383,1.2775,1.6626
2016,7,13,1.7435,1.2762,1.6636
2016,7,14,1.7402,1.2763,1.6624
2016,7,15,1.74,1.2769,1.6628
2016,7,18,1.7324,1.2776,1.6604
2016,7,19,1.7251,1.278,1.6578
2016,7,20,1.7194,1.2787,1.6562
2016,7,21,1.7273,1.2799,1.6602
2016,7,22,1.7128,1.2805,1.655
2016,7,25,1.7159,1.2809,1.6564
2016,7,26,1.7364,1.2814,1.6649
2016,7,27,1.7091,1.2817,1.6544
2016,7,28,1.7107,1.2821,1.6553
2016,7,29,1.7015,1.2822,1.6553
2016,8,1,1.6871,1.2825,1.6499
2016,8,2,1.6936,1.2825,1.6524
2016,8,3,1.696,1.2826,1.6535
2016,8,4,1.7001,1.2836,1.6558
2016,8,5,1.7022,1.2839,1.6568
2016,8,8,1.7176,1.2848,1.6635
2016,8,9,1.7297,1.2859,1.6691
2016,8,10,1.7225,1.2875,1.6676
2016,8,11,1.7172,1.2882,1.6661
2016,8,12,1.7495,1.2893,1.6794
2016,8,15,1.8022,1.2919,1.702
2016,8,16,1.7941,1.2919,1.6988
2016,8,17,1.7914,1.2908,1.6969
2016,8,18,1.7868,1.29,1.6945
2016,8,19,1.7871,1.2899,1.6945
2016,8,22,1.7721,1.2904,1.6891
2016,8,23,1.7748,1.2896,1.6895
2016,8,24,1.7684,1.2878,1.6857
2016,8,25,1.7573,1.2882,1.6816
2016,8,26,1.7563,1.2878,1.6816
2016,8,29,1.7567,1.288,1.682
2016,8,30,1.7589,1.2872,1.6822
2016,8,31,1.7673,1.2871,1.6853
2016,9,1,1.7534,1.287,1.6799
2016,9,2,1.7601,1.2877,1.683
2016,9,5,1.763,1.2873,1.6838
2016,9,6,1.7752,1.2871,1.6883
2016,9,7,1.7742,1.287,1.6879
2016,9,8,1.7736,1.2876,1.6881
2016,9,9,1.7621,1.2878,1.6839
2016,9,12,1.7327,1.2874,1.6723
2016,9,13,1.7315,1.2878,1.6722
2016,9,14,1.72,1.2881,1.668
2016,9,19,1.733,1.2893,1.6739
2016,9,20,1.7299,1.29,1.6732
2016,9,21,1.7348,1.2897,1.6749
2016,9,22,1.7478,1.2903,1.6803
2016,9,23,1.7396,1.2905,1.6773
2016,9,26,1.7102,1.2912,1.6666
2016,9,27,1.7211,1.2914,1.6666
2016,9,28,1.7159,1.2913,1.6645
2016,9,29,1.723,1.2914,1.6674
2016,9,30,1.7278,1.2917,1.6695
2016,10,10,1.7493,1.2954,1.6807
2016,10,11,1.756,1.2958,1.6835
2016,10,12,1.7526,1.2953,1.6818
2016,10,13,1.754,1.296,1.6829
2016,10,14,1.7557,1.2965,1.684
2016,10,17,1.7408,1.2978,1.6792
2016,10,18,1.7639,1.2982,1.6884
2016,10,19,1.7612,1.2994,1.6883
2016,10,20,1.7624,1.3012,1.6902
2016,10,21,1.7673,1.3028,1.6933
2016,10,24,1.7884,1.3028,1.7015
2016,10,25,1.7884,1.303,1.7016
2016,10,26,1.7817,1.3015,1.6979
2016,10,27,1.7768,1.3017,1.6962
2016,10,28,1.7739,1.3021,1.6954
2016,10,31,1.7718,1.3012,1.6938
2016,11,1,1.7839,1.3013,1.6938
2016,11,2,1.7703,1.3008,1.6883
2016,11,3,1.7871,1.301,1.6948
2016,11,4,1.7813,1.3009,1.6925
2016,11,7,1.7826,1.3008,1.693
2016,11,8,1.7903,1.3,1.6952
2016,11,9,1.7807,1.2997,1.6914
2016,11,10,1.8007,1.299,1.6984
2016,11,11,1.8148,1.2975,1.7026
2016,11,14,1.8217,1.2955,1.7037
2016,11,15,1.8215,1.2953,1.7035
2016,11,16,1.8214,1.293,1.7016
2016,11,17,1.8251,1.2922,1.7024
2016,11,18,1.8149,1.2918,1.6982
2016,11,21,1.8275,1.2922,1.7033
2016,11,22,1.842,1.2925,1.709
2016,11,23,1.8454,1.2931,1.7107
2016,11,24,1.8528,1.294,1.7143
2016,11,25,1.8701,1.2929,1.72
2016,11,28,1.8774,1.2934,1.7231
2016,11,29,1.8928,1.2922,1.7231
2016,11,30,1.879,1.2908,1.717
2016,12,1,1.8933,1.2882,1.7201
2016,12,2,1.8742,1.2863,1.7117
2016,12,5,1.8425,1.2856,1.6996
2016,12,6,1.8371,1.282,1.6947
2016,12,7,1.8459,1.2797,1.6961
2016,12,8,1.8429,1.28,1.6952
2016,12,9,1.8554,1.2812,1.7008
2016,12,12,1.8105,1.2803,1.6837
2016,12,13,1.8083,1.2783,1.6813
2016,12,14,1.7945,1.2776,1.6757
2016,12,15,1.774,1.2702,1.6624
2016,12,16,1.777,1.2695,1.6628
2016,12,19,1.768,1.2689,1.6591
2016,12,20,1.7574,1.2655,1.6525
2016,12,21,1.773,1.2678,1.66
2016,12,22,1.7715,1.2717,1.6626
2016,12,23,1.7566,1.2741,1.6591
2016,12,26,1.7645,1.2779,1.665
2016,12,27,1.7613,1.2786,1.665
2016,12,28,1.7536,1.2781,1.6617
2016,12,29,1.7514,1.2794,1.6619
2016,12,30,1.7579,1.281,1.6656
2017,1,3,1.775,1.2802,1.6714
2017,1,4,1.7888,1.2791,1.6758
2017,1,5,1.7886,1.278,1.6749
2017,1,6,1.7779,1.2787,1.6714
2017,1,9,1.7865,1.2787,1.6746
2017,1,10,1.7835,1.2793,1.674
2017,1,11,1.7709,1.2793,1.6692
2017,1,12,1.7619,1.2774,1.6643
2017,1,13,1.7631,1.2785,1.6656
2017,1,16,1.7629,1.279,1.6659
2017,1,17,1.7666,1.2765,1.6653
2017,1,18,1.7735,1.2775,1.6688
2017,1,19,1.7681,1.278,1.6671
2017,1,20,1.7817,1.2779,1.6722
2017,1,23,1.7866,1.279,1.6749
2017,1,24,1.7868,1.2792,1.6751
2017,1,25,1.7929,1.2764,1.6751
2017,1,26,1.7993,1.2753,1.6767
2017,2,3,1.7868,1.2771,1.6734
2017,2,6,1.7914,1.2751,1.6735
2017,2,7,1.7874,1.2733,1.6706
2017,2,8,1.7968,1.273,1.6739
2017,2,9,1.8037,1.2754,1.6783
2017,2,10,1.8128,1.2766,1.6827
2017,2,13,1.8249,1.2763,1.687
2017,2,14,1.8247,1.2762,1.6868
2017,2,15,1.8172,1.2763,1.6841
2017,2,16,1.8274,1.2766,1.6882
2017,2,17,1.8171,1.2787,1.6859
2017,2,20,1.8436,1.2804,1.6972
2017,2,21,1.8497,1.2799,1.6991
2017,2,22,1.8533,1.28,1.7006
2017,2,23,1.8446,1.2799,1.6972
2017,2,24,1.8449,1.2808,1.698
2017,2,27,1.8302,1.2817,1.6933
2017,2,28,1.8337,1.282,1.6948
2017,3,1,1.8367,1.2809,1.6948
2017,3,2,1.8243,1.2806,1.69
2017,3,3,1.8205,1.2797,1.6879
2017,3,6,1.8304,1.2801,1.6919
2017,3,7,1.8343,1.28,1.6932
2017,3,8,1.8315,1.2799,1.6922
2017,3,9,1.82,1.2776,1.686
2017,3,10,1.8205,1.278,1.6866
2017,3,13,1.8365,1.2781,1.6926
2017,3,14,1.8358,1.2784,1.6925
2017,3,15,1.8395,1.2791,1.6945
2017,3,16,1.849,1.2802,1.6989
2017,3,17,1.83,1.2799,1.6916
2017,3,20,1.832,1.2805,1.6928
2017,3,21,1.8409,1.2793,1.6951
2017,3,22,1.8322,1.2792,1.6919
2017,3,23,1.8386,1.2795,1.6944
2017,3,24,1.8533,1.2803,1.7005
2017,3,27,1.8471,1.2816,1.6992
2017,3,28,1.8427,1.2823,1.6982
2017,3,29,1.8403,1.2827,1.6982
2017,3,30,1.8252,1.2819,1.692
2017,3,31,1.8354,1.2818,1.6957
2017,4,5,1.8608,1.2824,1.7056
2017,4,6,1.8662,1.2823,1.7075
2017,4,7,1.8681,1.2821,1.708
2017,4,10,1.8615,1.2824,1.7058
2017,4,11,1.868,1.2821,1.708
2017,4,12,1.8638,1.2812,1.7057
2017,4,13,1.8665,1.2803,1.706
2017,4,14,1.8516,1.28,1.7003
2017,4,17,1.8481,1.2781,1.6975
2017,4,18,1.839,1.2753,1.6919
2017,4,19,1.83,1.275,1.6883
2017,4,20,1.8384,1.2742,1.6908
2017,4,21,1.8411,1.2732,1.691
2017,4,24,1.8223,1.2721,1.6832
2017,4,25,1.8274,1.2724,1.6853
2017,4,26,1.8297,1.2721,1.6859
2017,4,27,1.8305,1.2719,1.686
2017,4,28,1.8268,1.2723,1.686
2017,5,2,1.8198,1.273,1.684
2017,5,3,1.8126,1.27,1.6789
2017,5,4,1.808,1.2699,1.6772
2017,5,5,1.7964,1.2664,1.6701
2017,5,8,1.7838,1.2641,1.6636
2017,5,9,1.7805,1.2632,1.6617
2017,5,10,1.7726,1.2595,1.6558
2017,5,11,1.7826,1.2575,1.6579
2017,5,12,1.7979,1.2576,1.6637
2017,5,15,1.8052,1.2581,1.6668
2017,5,16,1.8209,1.2581,1.6725
2017,5,17,1.811,1.257,1.668
2017,5,18,1.8047,1.2569,1.6656
2017,5,19,1.8077,1.2568,1.6666
2017,5,22,1.8116,1.2561,1.6675
2017,5,23,1.8185,1.256,1.67
2017,5,24,1.8185,1.2567,1.6705
2017,5,25,1.8512,1.2578,1.6835
2017,5,26,1.8484,1.2572,1.682
2017,5,31,1.855,1.2599,1.682
2017,6,1,1.8576,1.2609,1.6837
2017,6,2,1.8516,1.2606,1.6813
2017,6,5,1.8422,1.2618,1.6789
2017,6,6,1.855,1.2615,1.6832
2017,6,7,1.8768,1.2603,1.6902
2017,6,8,1.8912,1.2598,1.695
2017,6,9,1.8992,1.26,1.6981
2017,6,12,1.8983,1.262,1.6994
2017,6,13,1.9025,1.263,1.7017
2017,6,14,1.8775,1.2634,1.693
2017,6,15,1.8741,1.2643,1.6924
2017,6,16,1.8687,1.2636,1.6899
2017,6,19,1.8873,1.2649,1.6977
2017,6,20,1.8835,1.2676,1.6985
2017,6,21,1.9055,1.2689,1.7075
2017,6,22,1.9068,1.2675,1.7068
2017,6,23,1.924,1.2665,1.7123
2017,6,26,1.948,1.268,1.7222
2017,6,27,1.9516,1.2695,1.7247
2017,6,28,1.9364,1.2701,1.7247
2017,6,29,1.9484,1.2712,1.7299
2017,6,30,1.9474,1.2711,1.7294
2017,7,3,1.9389,1.2709,1.7262
2017,7,4,1.9225,1.27,1.7197
2017,7,5,1.9436,1.2704,1.7275
2017,7,6,1.9438,1.2719,1.7289
2017,7,7,1.9416,1.272,1.7281
2017,7,10,1.9404,1.272,1.7277
2017,7,11,1.9495,1.2709,1.73
2017,7,12,1.9431,1.2708,1.7277
2017,7,13,1.958,1.2716,1.7337
2017,7,14,1.9666,1.2718,1.7368
2017,7,17,1.9456,1.2724,1.7299
2017,7,18,1.9476,1.2714,1.7298
2017,7,19,1.9808,1.272,1.7421
2017,7,20,1.9904,1.2721,1.7456
2017,7,21,1.9802,1.2717,1.7416
2017,7,24,1.9881,1.2718,1.7445
2017,7,25,1.9754,1.2718,1.74
2017,7,26,1.9679,1.271,1.74
2017,7,27,1.9715,1.2702,1.7406
2017,7,28,1.9766,1.2701,1.7424
2017,7,31,1.9851,1.2701,1.7453
2017,8,1,2.0024,1.2691,1.7507
2017,8,2,1.9973,1.2693,1.749
2017,8,3,1.9798,1.2696,1.743
2017,8,4,1.969,1.2698,1.7395
2017,8,7,1.9792,1.2694,1.7427
2017,8,8,1.9821,1.2692,1.7436
2017,8,9,1.9815,1.2679,1.7423
2017,8,10,1.9734,1.2679,1.7394
2017,8,11,1.937,1.2689,1.7274
2017,8,14,1.9622,1.2699,1.7371
2017,8,15,1.9682,1.2703,1.7396
2017,8,16,1.9657,1.2702,1.7386
2017,8,17,1.9763,1.2698,1.742
2017,8,18,1.9781,1.2706,1.7433
2017,8,21,1.9868,1.2699,1.7458
2017,8,22,1.9928,1.2695,1.7476
2017,8,23,1.9948,1.27,1.7476
2017,8,24,1.9834,1.2698,1.7434
2017,8,25,2.0158,1.2697,1.7548
2017,8,28,2.0408,1.2691,1.763
2017,8,29,2.0364,1.2693,1.7616
2017,8,30,2.0363,1.2692,1.7615
2017,8,31,2.0298,1.2699,1.7598
2017,9,1,2.0343,1.27,1.7614
2017,9,4,2.0423,1.2698,1.7641
2017,9,5,2.0484,1.2699,1.7663
2017,9,6,2.0444,1.27,1.765
2017,9,7,2.034,1.2707,1.7619
2017,9,8,2.0319,1.2728,1.7629
2017,9,11,2.0317,1.2738,1.7636
2017,9,12,2.0382,1.2737,1.7659
2017,9,13,2.0407,1.2733,1.7665
2017,9,14,2.034,1.2732,1.764
2017,9,15,2.0347,1.2739,1.7648
2017,9,18,2.041,1.2744,1.7674
2017,9,19,2.0352,1.2738,1.7649
2017,9,20,2.0406,1.2736,1.7649
2017,9,21,2.0382,1.2738,1.7642
2017,9,22,2.0381,1.2739,1.7642
2017,9,25,2.0275,1.2756,1.762
2017,9,26,2.0291,1.2755,1.7624
2017,9,27,2.0294,1.2746,1.7618
2017,9,28,2.0301,1.2741,1.7616
2017,9,29,2.0375,1.2754,1.7652
2017,10,9,2.0618,1.2762,1.7743
2017,10,10,2.0658,1.2758,1.7754
2017,10,11,2.0726,1.2757,1.7776
2017,10,12,2.0781,1.2752,1.7791
2017,10,13,2.0824,1.275,1.7805
2017,10,16,2.0783,1.2738,1.7781
2017,10,17,2.0781,1.2722,1.7767
2017,10,18,2.0947,1.271,1.7814
2017,10,19,2.0878,1.2712,1.7792
2017,10,20,2.0855,1.2724,1.7793
2017,10,23,2.0876,1.2727,1.7803
2017,10,24,2.1028,1.2724,1.7854
2017,10,25,2.1121,1.2719,1.7854
2017,10,26,2.1209,1.2715,1.788
2017,10,27,2.136,1.2699,1.7918
2017,10,30,2.1295,1.2672,1.7874
2017,10,31,2.1279,1.2662,1.786
2017,11,1,2.1225,1.2673,1.785
2017,11,2,2.1228,1.2671,1.785
2017,11,3,2.1204,1.2658,1.7831
2017,11,6,2.1354,1.2659,1.7882
2017,11,7,2.1531,1.2656,1.794
2017,11,8,2.1498,1.2651,1.7924
2017,11,9,2.1646,1.266,1.7982
2017,11,10,2.1837,1.266,1.8046
2017,11,13,2.1923,1.2659,1.8075
2017,11,14,2.1771,1.2648,1.8014
2017,11,15,2.1634,1.2659,1.7977
2017,11,16,2.1801,1.2665,1.8039
2017,11,17,2.1885,1.2672,1.8073
2017,11,20,2.2007,1.2674,1.8116
2017,11,21,2.2399,1.267,1.8245
2017,11,22,2.2452,1.2663,1.8245
2017,11,23,2.1787,1.2659,1.8026
2017,11,24,2.1797,1.2667,1.8036
2017,11,27,2.1508,1.2674,1.7949
2017,11,28,2.154,1.2677,1.7961
2017,11,29,2.1529,1.2693,1.7972
2017,11,30,2.1276,1.2696,1.7892
2017,12,1,2.1233,1.27,1.7882
2017,12,4,2.1343,1.2715,1.7931
2017,12,5,2.1456,1.2725,1.7976
2017,12,6,2.1327,1.2725,1.7933
2017,12,7,2.1089,1.2721,1.7853
2017,12,8,2.1261,1.2715,1.7904
2017,12,11,2.1612,1.2705,1.8009
2017,12,12,2.1328,1.2697,1.791
2017,12,13,2.1509,1.2696,1.7968
2017,12,14,2.1382,1.2701,1.7931
2017,12,15,2.1141,1.2718,1.7867
2017,12,18,2.1165,1.2727,1.7883
2017,12,19,2.1431,1.2737,1.7978
2017,12,20,2.1405,1.2734,1.7978
2017,12,21,2.1603,1.2732,1.8043
2017,12,22,2.1533,1.275,1.8034
2017,12,25,2.1464,1.2741,1.8003
2017,12,26,2.1528,1.274,1.8024
2017,12,27,2.1196,1.2741,1.7913
2017,12,28,2.1344,1.274,1.7962
2017,12,29,2.1407,1.2738,1.7981
2018,1,2,2.1707,1.2741,1.8085
2018,1,3,2.1835,1.2737,1.8125
2018,1,4,2.1927,1.2731,1.815
2018,1,5,2.198,1.2731,1.8168
2018,1,8,2.2094,1.2745,1.8218
2018,1,9,2.2248,1.2754,1.8278
2018,1,10,2.2347,1.2755,1.8312
2018,1,11,2.2335,1.2741,1.8296
2018,1,12,2.2438,1.274,1.833
2018,1,15,2.2439,1.2737,1.8328
2018,1,16,2.2616,1.2738,1.8388
2018,1,17,2.2561,1.274,1.8371
2018,1,18,2.2685,1.2738,1.8371
2018,1,19,2.2759,1.2738,1.8395
2018,1,22,2.3031,1.2741,1.8486
2018,1,23,2.3275,1.275,1.8572
2018,1,24,2.3314,1.2757,1.8591
2018,1,25,2.3182,1.2759,1.855
2018,1,26,2.3268,1.2764,1.8583
2018,1,29,2.2847,1.2766,1.8448
2018,1,30,2.2603,1.2764,1.8367
2018,1,31,2.2708,1.2769,1.8405
2018,2,1,2.2549,1.2768,1.8353
2018,2,2,2.2684,1.2769,1.8397
2018,2,5,2.2699,1.277,1.8403
2018,2,6,2.2034,1.2781,1.8198
2018,2,7,2.1511,1.2786,1.8033
2018,2,8,2.1307,1.278,1.7961
2018,2,9,2.0397,1.2787,1.7673
2018,2,12,2.066,1.2797,1.7766
2018,2,13,2.0901,1.2795,1.7842
2018,2,14,2.1068,1.2801,1.7902
2018,2,22,2.1523,1.2805,1.7902
2018,2,23,2.1621,1.2815,1.7943
2018,2,26,2.1872,1.2822,1.8032
2018,2,27,2.1556,1.2849,1.7949
2018,2,28,2.1369,1.2858,1.7895
2018,3,1,2.1504,1.2859,1.7941
2018,3,2,2.1331,1.2852,1.7877
2018,3,5,2.1339,1.285,1.7878
2018,3,6,2.1597,1.2856,1.7969
2018,3,7,2.1438,1.2858,1.7918
2018,3,8,2.1655,1.2869,1.7999
2018,3,9,2.1821,1.2876,1.806
2018,3,12,2.1921,1.2881,1.8098
2018,3,13,2.1728,1.2888,1.8039
2018,3,14,2.1633,1.2883,1.8004
2018,3,15,2.1754,1.2885,1.8046
2018,3,16,2.1543,1.2883,1.7974
2018,3,19,2.1637,1.2888,1.8009
2018,3,20,2.1656,1.2896,1.8023
2018,3,21,2.1567,1.2897,1.7994
2018,3,22,2.1351,1.2911,1.7994
2018,3,23,2.0738,1.2918,1.7792
2018,3,26,2.0605,1.2934,1.7761
2018,3,27,2.0783,1.2925,1.7813
2018,3,28,2.0408,1.2935,1.7695
2018,3,29,2.068,1.2924,1.7778
2018,3,30,2.0704,1.2925,1.7787
2018,4,2,2.0643,1.2933,1.7773
2018,4,3,2.0513,1.2937,1.7733
2018,4,4,2.0472,1.2937,1.7719
2018,4,9,2.0462,1.2966,1.774
2018,4,10,2.0856,1.297,1.7876
2018,4,11,2.0916,1.2964,1.7891
2018,4,12,2.0705,1.2977,1.7831
